{
  "type": "FeatureCollection",
  "features": [
    {
      "type": "Feature",
      "geometry": {
        "type": "LineString",
        "coordinates": [
          [
            87.3761155,
            26.663514499999998
          ],
          [
            87.2692855,
            26.6674815
          ]
        ]
      },
      "properties": {
        "edgeType": "intra-road",
        "roadCode": "NH01",
        "fromNode": "NH01_chain_4",
        "toNode": "NH01_chain_5",
        "distanceKm": 9.13,
        "weight": 18.26,
        "stroke": "#FF0000",
        "stroke-width": 3,
        "stroke-dasharray": "none"
      }
    },
    {
      "type": "Feature",
      "geometry": {
        "type": "LineString",
        "coordinates": [
          [
            87.2692855,
            26.6674815
          ],
          [
            87.27346800000001,
            26.665402999999998
          ]
        ]
      },
      "properties": {
        "edgeType": "cross-road",
        "roadCode": "NH01→NH09",
        "fromNode": "NH01_chain_5",
        "toNode": "NH09_chain_5",
        "distanceKm": 0,
        "weight": 0.1,
        "stroke": "#AAAAAA",
        "stroke-width": 2,
        "stroke-dasharray": "5,5"
      }
    },
    {
      "type": "Feature",
      "geometry": {
        "type": "LineString",
        "coordinates": [
          [
            87.2746105,
            26.638838999999997
          ],
          [
            87.27346800000001,
            26.665402999999998
          ]
        ]
      },
      "properties": {
        "edgeType": "intra-road",
        "roadCode": "NH09",
        "fromNode": "NH09_chain_4",
        "toNode": "NH09_chain_5",
        "distanceKm": 3.04,
        "weight": 3.04,
        "stroke": "#CC6600",
        "stroke-width": 3,
        "stroke-dasharray": "none"
      }
    },
    {
      "type": "Feature",
      "geometry": {
        "type": "LineString",
        "coordinates": [
          [
            87.275024,
            26.6079805
          ],
          [
            87.2746105,
            26.638838999999997
          ]
        ]
      },
      "properties": {
        "edgeType": "intra-road",
        "roadCode": "NH09",
        "fromNode": "NH09_chain_3",
        "toNode": "NH09_chain_4",
        "distanceKm": 3.2,
        "weight": 3.2,
        "stroke": "#CC6600",
        "stroke-width": 3,
        "stroke-dasharray": "none"
      }
    },
    {
      "type": "Feature",
      "geometry": {
        "type": "LineString",
        "coordinates": [
          [
            87.2786375,
            26.585029499999997
          ],
          [
            87.275024,
            26.6079805
          ]
        ]
      },
      "properties": {
        "edgeType": "cross-road",
        "roadCode": "FR02→NH09",
        "fromNode": "FR02_chain_3",
        "toNode": "NH09_chain_3",
        "distanceKm": 0,
        "weight": 0.1,
        "stroke": "#AAAAAA",
        "stroke-width": 2,
        "stroke-dasharray": "5,5"
      }
    },
    {
      "type": "Feature",
      "geometry": {
        "type": "LineString",
        "coordinates": [
          [
            87.281402,
            26.554005
          ],
          [
            87.2786375,
            26.585029499999997
          ]
        ]
      },
      "properties": {
        "edgeType": "intra-road",
        "roadCode": "FR02",
        "fromNode": "FR02_chain_2",
        "toNode": "FR02_chain_3",
        "distanceKm": 3.53,
        "weight": 3.53,
        "stroke": "#888888",
        "stroke-width": 3,
        "stroke-dasharray": "none"
      }
    },
    {
      "type": "Feature",
      "geometry": {
        "type": "LineString",
        "coordinates": [
          [
            87.281402,
            26.554005
          ],
          [
            87.276775,
            26.5432475
          ]
        ]
      },
      "properties": {
        "edgeType": "cross-road",
        "roadCode": "FR02→NH09",
        "fromNode": "FR02_chain_2",
        "toNode": "NH09_chain_2",
        "distanceKm": 0,
        "weight": 0.1,
        "stroke": "#AAAAAA",
        "stroke-width": 2,
        "stroke-dasharray": "5,5"
      }
    },
    {
      "type": "Feature",
      "geometry": {
        "type": "LineString",
        "coordinates": [
          [
            87.27551650000001,
            26.521839
          ],
          [
            87.276775,
            26.5432475
          ]
        ]
      },
      "properties": {
        "edgeType": "intra-road",
        "roadCode": "NH09",
        "fromNode": "NH09_chain_1",
        "toNode": "NH09_chain_2",
        "distanceKm": 2.53,
        "weight": 2.53,
        "stroke": "#CC6600",
        "stroke-width": 3,
        "stroke-dasharray": "none"
      }
    },
    {
      "type": "Feature",
      "geometry": {
        "type": "LineString",
        "coordinates": [
          [
            87.28143750000001,
            26.471914499999997
          ],
          [
            87.27551650000001,
            26.521839
          ]
        ]
      },
      "properties": {
        "edgeType": "intra-road",
        "roadCode": "NH09",
        "fromNode": "NH09_chain_0",
        "toNode": "NH09_chain_1",
        "distanceKm": 3.83,
        "weight": 3.83,
        "stroke": "#CC6600",
        "stroke-width": 3,
        "stroke-dasharray": "none"
      }
    },
    {
      "type": "Feature",
      "geometry": {
        "type": "LineString",
        "coordinates": [
          [
            87.305108,
            26.4610905
          ],
          [
            87.28143750000001,
            26.471914499999997
          ]
        ]
      },
      "properties": {
        "edgeType": "cross-road",
        "roadCode": "NH05→NH09",
        "fromNode": "NH05_chain_6",
        "toNode": "NH09_chain_0",
        "distanceKm": 0,
        "weight": 0.1,
        "stroke": "#AAAAAA",
        "stroke-width": 2,
        "stroke-dasharray": "5,5"
      }
    },
    {
      "type": "Feature",
      "geometry": {
        "type": "LineString",
        "coordinates": [
          [
            87.305108,
            26.4610905
          ],
          [
            87.14908,
            26.473494
          ]
        ]
      },
      "properties": {
        "edgeType": "intra-road",
        "roadCode": "NH05",
        "fromNode": "NH05_chain_6",
        "toNode": "NH05_chain_7",
        "distanceKm": 11.99,
        "weight": 23.98,
        "stroke": "#0066FF",
        "stroke-width": 3,
        "stroke-dasharray": "none"
      }
    },
    {
      "type": "Feature",
      "geometry": {
        "type": "LineString",
        "coordinates": [
          [
            87.14908,
            26.473494
          ],
          [
            87.122091,
            26.482243500000003
          ]
        ]
      },
      "properties": {
        "edgeType": "intra-road",
        "roadCode": "NH05",
        "fromNode": "NH05_chain_7",
        "toNode": "NH05_chain_8",
        "distanceKm": 2.76,
        "weight": 2.76,
        "stroke": "#0066FF",
        "stroke-width": 3,
        "stroke-dasharray": "none"
      }
    },
    {
      "type": "Feature",
      "geometry": {
        "type": "LineString",
        "coordinates": [
          [
            87.122091,
            26.482243500000003
          ],
          [
            86.70821000000001,
            26.5523235
          ]
        ]
      },
      "properties": {
        "edgeType": "intra-road",
        "roadCode": "NH05",
        "fromNode": "NH05_chain_8",
        "toNode": "NH05_chain_9",
        "distanceKm": 37.1,
        "weight": 74.21,
        "stroke": "#0066FF",
        "stroke-width": 3,
        "stroke-dasharray": "none"
      }
    },
    {
      "type": "Feature",
      "geometry": {
        "type": "LineString",
        "coordinates": [
          [
            86.70821000000001,
            26.5523235
          ],
          [
            86.605075,
            26.5748785
          ]
        ]
      },
      "properties": {
        "edgeType": "intra-road",
        "roadCode": "NH05",
        "fromNode": "NH05_chain_9",
        "toNode": "NH05_chain_10",
        "distanceKm": 5.6,
        "weight": 11.2,
        "stroke": "#0066FF",
        "stroke-width": 3,
        "stroke-dasharray": "none"
      }
    },
    {
      "type": "Feature",
      "geometry": {
        "type": "LineString",
        "coordinates": [
          [
            86.605075,
            26.5748785
          ],
          [
            86.2165995,
            26.6601175
          ]
        ]
      },
      "properties": {
        "edgeType": "intra-road",
        "roadCode": "NH05",
        "fromNode": "NH05_chain_10",
        "toNode": "NH05_chain_11",
        "distanceKm": 38.21,
        "weight": 78.6,
        "stroke": "#0066FF",
        "stroke-width": 3,
        "stroke-dasharray": "none"
      }
    },
    {
      "type": "Feature",
      "geometry": {
        "type": "LineString",
        "coordinates": [
          [
            86.2165995,
            26.6601175
          ],
          [
            85.9428425,
            26.725393500000003
          ]
        ]
      },
      "properties": {
        "edgeType": "intra-road",
        "roadCode": "NH05",
        "fromNode": "NH05_chain_11",
        "toNode": "NH05_chain_12",
        "distanceKm": 27.23,
        "weight": 54.46,
        "stroke": "#0066FF",
        "stroke-width": 3,
        "stroke-dasharray": "none"
      }
    },
    {
      "type": "Feature",
      "geometry": {
        "type": "LineString",
        "coordinates": [
          [
            85.9428425,
            26.725393500000003
          ],
          [
            85.9135315,
            26.717041000000002
          ]
        ]
      },
      "properties": {
        "edgeType": "intra-road",
        "roadCode": "NH05",
        "fromNode": "NH05_chain_12",
        "toNode": "NH05_chain_13",
        "distanceKm": 2.03,
        "weight": 2.03,
        "stroke": "#0066FF",
        "stroke-width": 3,
        "stroke-dasharray": "none"
      }
    },
    {
      "type": "Feature",
      "geometry": {
        "type": "LineString",
        "coordinates": [
          [
            85.9135315,
            26.717041000000002
          ],
          [
            85.843851,
            26.6794795
          ]
        ]
      },
      "properties": {
        "edgeType": "intra-road",
        "roadCode": "NH05",
        "fromNode": "NH05_chain_13",
        "toNode": "NH05_chain_14",
        "distanceKm": 6.63,
        "weight": 13.27,
        "stroke": "#0066FF",
        "stroke-width": 3,
        "stroke-dasharray": "none"
      }
    },
    {
      "type": "Feature",
      "geometry": {
        "type": "LineString",
        "coordinates": [
          [
            85.843851,
            26.6794795
          ],
          [
            85.81279,
            26.6550745
          ]
        ]
      },
      "properties": {
        "edgeType": "intra-road",
        "roadCode": "NH05",
        "fromNode": "NH05_chain_14",
        "toNode": "NH05_chain_15",
        "distanceKm": 3.2,
        "weight": 3.2,
        "stroke": "#0066FF",
        "stroke-width": 3,
        "stroke-dasharray": "none"
      }
    },
    {
      "type": "Feature",
      "geometry": {
        "type": "LineString",
        "coordinates": [
          [
            85.81279,
            26.6550745
          ],
          [
            85.570095,
            26.864445
          ]
        ]
      },
      "properties": {
        "edgeType": "intra-road",
        "roadCode": "NH05",
        "fromNode": "NH05_chain_15",
        "toNode": "NH05_chain_16",
        "distanceKm": 33.27,
        "weight": 66.55,
        "stroke": "#0066FF",
        "stroke-width": 3,
        "stroke-dasharray": "none"
      }
    },
    {
      "type": "Feature",
      "geometry": {
        "type": "LineString",
        "coordinates": [
          [
            85.570095,
            26.864445
          ],
          [
            85.3325135,
            27.044128999999998
          ]
        ]
      },
      "properties": {
        "edgeType": "intra-road",
        "roadCode": "NH05",
        "fromNode": "NH05_chain_16",
        "toNode": "NH05_chain_17",
        "distanceKm": 30.82,
        "weight": 61.65,
        "stroke": "#0066FF",
        "stroke-width": 3,
        "stroke-dasharray": "none"
      }
    },
    {
      "type": "Feature",
      "geometry": {
        "type": "LineString",
        "coordinates": [
          [
            85.3325135,
            27.044128999999998
          ],
          [
            85.1409735,
            27.177309
          ]
        ]
      },
      "properties": {
        "edgeType": "intra-road",
        "roadCode": "NH05",
        "fromNode": "NH05_chain_17",
        "toNode": "NH05_chain_18",
        "distanceKm": 23.31,
        "weight": 46.61,
        "stroke": "#0066FF",
        "stroke-width": 3,
        "stroke-dasharray": "none"
      }
    },
    {
      "type": "Feature",
      "geometry": {
        "type": "LineString",
        "coordinates": [
          [
            85.1409735,
            27.177309
          ],
          [
            84.562094,
            27.611016
          ]
        ]
      },
      "properties": {
        "edgeType": "intra-road",
        "roadCode": "NH05",
        "fromNode": "NH05_chain_18",
        "toNode": "NH05_chain_19",
        "distanceKm": 74.52,
        "weight": 149.04,
        "stroke": "#0066FF",
        "stroke-width": 3,
        "stroke-dasharray": "none"
      }
    },
    {
      "type": "Feature",
      "geometry": {
        "type": "LineString",
        "coordinates": [
          [
            84.562094,
            27.611016
          ],
          [
            84.4304505,
            27.686898999999997
          ]
        ]
      },
      "properties": {
        "edgeType": "intra-road",
        "roadCode": "NH05",
        "fromNode": "NH05_chain_19",
        "toNode": "NH05_chain_20",
        "distanceKm": 13.9,
        "weight": 27.8,
        "stroke": "#0066FF",
        "stroke-width": 3,
        "stroke-dasharray": "none"
      }
    },
    {
      "type": "Feature",
      "geometry": {
        "type": "LineString",
        "coordinates": [
          [
            84.4304505,
            27.686898999999997
          ],
          [
            84.233049,
            27.684016
          ]
        ]
      },
      "properties": {
        "edgeType": "intra-road",
        "roadCode": "NH05",
        "fromNode": "NH05_chain_20",
        "toNode": "NH05_chain_21",
        "distanceKm": 18.65,
        "weight": 39.4,
        "stroke": "#0066FF",
        "stroke-width": 3,
        "stroke-dasharray": "none"
      }
    },
    {
      "type": "Feature",
      "geometry": {
        "type": "LineString",
        "coordinates": [
          [
            84.233049,
            27.684016
          ],
          [
            84.1951125,
            27.6860885
          ]
        ]
      },
      "properties": {
        "edgeType": "intra-road",
        "roadCode": "NH05",
        "fromNode": "NH05_chain_21",
        "toNode": "NH05_chain_22",
        "distanceKm": 2.6,
        "weight": 2.86,
        "stroke": "#0066FF",
        "stroke-width": 3,
        "stroke-dasharray": "none"
      }
    },
    {
      "type": "Feature",
      "geometry": {
        "type": "LineString",
        "coordinates": [
          [
            84.1951125,
            27.6860885
          ],
          [
            84.166017,
            27.688865
          ]
        ]
      },
      "properties": {
        "edgeType": "intra-road",
        "roadCode": "NH05",
        "fromNode": "NH05_chain_22",
        "toNode": "NH05_chain_23",
        "distanceKm": 2.48,
        "weight": 2.67,
        "stroke": "#0066FF",
        "stroke-width": 3,
        "stroke-dasharray": "none"
      }
    },
    {
      "type": "Feature",
      "geometry": {
        "type": "LineString",
        "coordinates": [
          [
            84.166017,
            27.688865
          ],
          [
            82.750001,
            27.839361
          ]
        ]
      },
      "properties": {
        "edgeType": "intra-road",
        "roadCode": "NH05",
        "fromNode": "NH05_chain_23",
        "toNode": "NH05_chain_24",
        "distanceKm": 139.97,
        "weight": 279.93,
        "stroke": "#0066FF",
        "stroke-width": 3,
        "stroke-dasharray": "none"
      }
    },
    {
      "type": "Feature",
      "geometry": {
        "type": "LineString",
        "coordinates": [
          [
            82.750001,
            27.839361
          ],
          [
            82.565063,
            27.8704025
          ]
        ]
      },
      "properties": {
        "edgeType": "intra-road",
        "roadCode": "NH05",
        "fromNode": "NH05_chain_24",
        "toNode": "NH05_chain_25",
        "distanceKm": 18.46,
        "weight": 36.92,
        "stroke": "#0066FF",
        "stroke-width": 3,
        "stroke-dasharray": "none"
      }
    },
    {
      "type": "Feature",
      "geometry": {
        "type": "LineString",
        "coordinates": [
          [
            82.565063,
            27.8704025
          ],
          [
            82.3318605,
            27.9188735
          ]
        ]
      },
      "properties": {
        "edgeType": "intra-road",
        "roadCode": "NH05",
        "fromNode": "NH05_chain_25",
        "toNode": "NH05_chain_26",
        "distanceKm": 23.53,
        "weight": 51.29,
        "stroke": "#0066FF",
        "stroke-width": 3,
        "stroke-dasharray": "none"
      }
    },
    {
      "type": "Feature",
      "geometry": {
        "type": "LineString",
        "coordinates": [
          [
            82.328836,
            27.924619
          ],
          [
            82.3318605,
            27.9188735
          ]
        ]
      },
      "properties": {
        "edgeType": "cross-road",
        "roadCode": "NH01→NH05",
        "fromNode": "NH01_chain_72",
        "toNode": "NH05_chain_26",
        "distanceKm": 0,
        "weight": 0.1,
        "stroke": "#AAAAAA",
        "stroke-width": 2,
        "stroke-dasharray": "5,5"
      }
    },
    {
      "type": "Feature",
      "geometry": {
        "type": "LineString",
        "coordinates": [
          [
            82.328836,
            27.924619
          ],
          [
            82.364694,
            28.091914000000003
          ]
        ]
      },
      "properties": {
        "edgeType": "intra-road",
        "roadCode": "NH01",
        "fromNode": "NH01_chain_72",
        "toNode": "NH01_chain_73",
        "distanceKm": 18.77,
        "weight": 37.54,
        "stroke": "#FF0000",
        "stroke-width": 3,
        "stroke-dasharray": "none"
      }
    },
    {
      "type": "Feature",
      "geometry": {
        "type": "LineString",
        "coordinates": [
          [
            82.364694,
            28.091914000000003
          ],
          [
            82.3348465,
            28.116239
          ]
        ]
      },
      "properties": {
        "edgeType": "intra-road",
        "roadCode": "NH01",
        "fromNode": "NH01_chain_73",
        "toNode": "NH01_chain_74",
        "distanceKm": 2.12,
        "weight": 2.12,
        "stroke": "#FF0000",
        "stroke-width": 3,
        "stroke-dasharray": "none"
      }
    },
    {
      "type": "Feature",
      "geometry": {
        "type": "LineString",
        "coordinates": [
          [
            82.3348465,
            28.116239
          ],
          [
            82.3170825,
            28.106167
          ]
        ]
      },
      "properties": {
        "edgeType": "intra-road",
        "roadCode": "NH01",
        "fromNode": "NH01_chain_74",
        "toNode": "NH01_chain_75",
        "distanceKm": 2.11,
        "weight": 2.11,
        "stroke": "#FF0000",
        "stroke-width": 3,
        "stroke-dasharray": "none"
      }
    },
    {
      "type": "Feature",
      "geometry": {
        "type": "LineString",
        "coordinates": [
          [
            82.3170825,
            28.106167
          ],
          [
            82.289803,
            28.1278255
          ]
        ]
      },
      "properties": {
        "edgeType": "intra-road",
        "roadCode": "NH01",
        "fromNode": "NH01_chain_75",
        "toNode": "NH01_chain_76",
        "distanceKm": 3.37,
        "weight": 3.56,
        "stroke": "#FF0000",
        "stroke-width": 3,
        "stroke-dasharray": "none"
      }
    },
    {
      "type": "Feature",
      "geometry": {
        "type": "LineString",
        "coordinates": [
          [
            82.289803,
            28.1278255
          ],
          [
            82.178095,
            28.367523499999997
          ]
        ]
      },
      "properties": {
        "edgeType": "intra-road",
        "roadCode": "NH01",
        "fromNode": "NH01_chain_76",
        "toNode": "NH01_chain_77",
        "distanceKm": 29.18,
        "weight": 60.48,
        "stroke": "#FF0000",
        "stroke-width": 3,
        "stroke-dasharray": "none"
      }
    },
    {
      "type": "Feature",
      "geometry": {
        "type": "LineString",
        "coordinates": [
          [
            82.178095,
            28.367523499999997
          ],
          [
            82.0558625,
            28.277472000000003
          ]
        ]
      },
      "properties": {
        "edgeType": "intra-road",
        "roadCode": "NH01",
        "fromNode": "NH01_chain_77",
        "toNode": "NH01_chain_78",
        "distanceKm": 15.63,
        "weight": 31.27,
        "stroke": "#FF0000",
        "stroke-width": 3,
        "stroke-dasharray": "none"
      }
    },
    {
      "type": "Feature",
      "geometry": {
        "type": "LineString",
        "coordinates": [
          [
            82.0558625,
            28.277472000000003
          ],
          [
            82.01155700000001,
            28.314535
          ]
        ]
      },
      "properties": {
        "edgeType": "intra-road",
        "roadCode": "NH01",
        "fromNode": "NH01_chain_78",
        "toNode": "NH01_chain_79",
        "distanceKm": 4.32,
        "weight": 4.32,
        "stroke": "#FF0000",
        "stroke-width": 3,
        "stroke-dasharray": "none"
      }
    },
    {
      "type": "Feature",
      "geometry": {
        "type": "LineString",
        "coordinates": [
          [
            82.01155700000001,
            28.314535
          ],
          [
            81.994085,
            28.3239595
          ]
        ]
      },
      "properties": {
        "edgeType": "intra-road",
        "roadCode": "NH01",
        "fromNode": "NH01_chain_79",
        "toNode": "NH01_chain_80",
        "distanceKm": 2.22,
        "weight": 2.24,
        "stroke": "#FF0000",
        "stroke-width": 3,
        "stroke-dasharray": "none"
      }
    },
    {
      "type": "Feature",
      "geometry": {
        "type": "LineString",
        "coordinates": [
          [
            81.994085,
            28.3239595
          ],
          [
            82.30276,
            28.461188
          ]
        ]
      },
      "properties": {
        "edgeType": "intra-road",
        "roadCode": "NH01",
        "fromNode": "NH01_chain_80",
        "toNode": "NH01_chain_81",
        "distanceKm": 34.19,
        "weight": 72.2,
        "stroke": "#FF0000",
        "stroke-width": 3,
        "stroke-dasharray": "none"
      }
    },
    {
      "type": "Feature",
      "geometry": {
        "type": "LineString",
        "coordinates": [
          [
            82.30276,
            28.461188
          ],
          [
            81.5574775,
            28.809203500000002
          ]
        ]
      },
      "properties": {
        "edgeType": "intra-road",
        "roadCode": "NH01",
        "fromNode": "NH01_chain_81",
        "toNode": "NH01_chain_82",
        "distanceKm": 82.27,
        "weight": 171.27,
        "stroke": "#FF0000",
        "stroke-width": 3,
        "stroke-dasharray": "none"
      }
    },
    {
      "type": "Feature",
      "geometry": {
        "type": "LineString",
        "coordinates": [
          [
            81.5574775,
            28.809203500000002
          ],
          [
            81.400466,
            28.7834195
          ]
        ]
      },
      "properties": {
        "edgeType": "intra-road",
        "roadCode": "NH01",
        "fromNode": "NH01_chain_82",
        "toNode": "NH01_chain_83",
        "distanceKm": 15.77,
        "weight": 31.55,
        "stroke": "#FF0000",
        "stroke-width": 3,
        "stroke-dasharray": "none"
      }
    },
    {
      "type": "Feature",
      "geometry": {
        "type": "LineString",
        "coordinates": [
          [
            81.400466,
            28.7834195
          ],
          [
            80.45296,
            28.6527985
          ]
        ]
      },
      "properties": {
        "edgeType": "intra-road",
        "roadCode": "NH01",
        "fromNode": "NH01_chain_83",
        "toNode": "NH01_chain_84",
        "distanceKm": 93.25,
        "weight": 186.5,
        "stroke": "#FF0000",
        "stroke-width": 3,
        "stroke-dasharray": "none"
      }
    },
    {
      "type": "Feature",
      "geometry": {
        "type": "LineString",
        "coordinates": [
          [
            80.45296,
            28.6527985
          ],
          [
            80.2135,
            28.9205405
          ]
        ]
      },
      "properties": {
        "edgeType": "intra-road",
        "roadCode": "NH01",
        "fromNode": "NH01_chain_84",
        "toNode": "NH01_chain_85",
        "distanceKm": 37.68,
        "weight": 75.36,
        "stroke": "#FF0000",
        "stroke-width": 3,
        "stroke-dasharray": "none"
      }
    },
    {
      "type": "Feature",
      "geometry": {
        "type": "Point",
        "coordinates": [
          87.3761155,
          26.663514499999998
        ]
      },
      "properties": {
        "type": "chain-node",
        "nodeId": "NH01_chain_4",
        "roadCode": "NH01",
        "startPlace": "Itahari-wp4",
        "endPlace": "Itahari-wp4",
        "bearingDeg": 267,
        "marker-color": "#FF0000",
        "marker-size": "small"
      }
    },
    {
      "type": "Feature",
      "geometry": {
        "type": "Point",
        "coordinates": [
          87.2692855,
          26.6674815
        ]
      },
      "properties": {
        "type": "chain-node",
        "nodeId": "NH01_chain_5",
        "roadCode": "NH01",
        "startPlace": "Itahari",
        "endPlace": "Itahari",
        "bearingDeg": 239,
        "marker-color": "#FF0000",
        "marker-size": "small"
      }
    },
    {
      "type": "Feature",
      "geometry": {
        "type": "Point",
        "coordinates": [
          87.27346800000001,
          26.665402999999998
        ]
      },
      "properties": {
        "type": "chain-node",
        "nodeId": "NH09_chain_5",
        "roadCode": "NH09",
        "startPlace": "NH09-wp24",
        "endPlace": "NH09-wp24",
        "bearingDeg": 186,
        "marker-color": "#CC6600",
        "marker-size": "small"
      }
    },
    {
      "type": "Feature",
      "geometry": {
        "type": "Point",
        "coordinates": [
          87.2746105,
          26.638838999999997
        ]
      },
      "properties": {
        "type": "chain-node",
        "nodeId": "NH09_chain_4",
        "roadCode": "NH09",
        "startPlace": "NH09-wp21",
        "endPlace": "NH09-wp21",
        "bearingDeg": 5,
        "marker-color": "#CC6600",
        "marker-size": "small"
      }
    },
    {
      "type": "Feature",
      "geometry": {
        "type": "Point",
        "coordinates": [
          87.275024,
          26.6079805
        ]
      },
      "properties": {
        "type": "chain-node",
        "nodeId": "NH09_chain_3",
        "roadCode": "NH09",
        "startPlace": "NH09-wp18",
        "endPlace": "NH09-wp18",
        "bearingDeg": 173,
        "marker-color": "#CC6600",
        "marker-size": "small"
      }
    },
    {
      "type": "Feature",
      "geometry": {
        "type": "Point",
        "coordinates": [
          87.2786375,
          26.585029499999997
        ]
      },
      "properties": {
        "type": "chain-node",
        "nodeId": "FR02_chain_3",
        "roadCode": "FR02",
        "startPlace": "FR02-wp3",
        "endPlace": "FR02-wp3",
        "bearingDeg": 351,
        "marker-color": "#888888",
        "marker-size": "small"
      }
    },
    {
      "type": "Feature",
      "geometry": {
        "type": "Point",
        "coordinates": [
          87.281402,
          26.554005
        ]
      },
      "properties": {
        "type": "chain-node",
        "nodeId": "FR02_chain_2",
        "roadCode": "FR02",
        "startPlace": "FR02-wp2",
        "endPlace": "FR02-wp2",
        "bearingDeg": 0,
        "marker-color": "#888888",
        "marker-size": "small"
      }
    },
    {
      "type": "Feature",
      "geometry": {
        "type": "Point",
        "coordinates": [
          87.276775,
          26.5432475
        ]
      },
      "properties": {
        "type": "chain-node",
        "nodeId": "NH09_chain_2",
        "roadCode": "NH09",
        "startPlace": "NH09-wp10",
        "endPlace": "NH09-wp10",
        "bearingDeg": 7,
        "marker-color": "#CC6600",
        "marker-size": "small"
      }
    },
    {
      "type": "Feature",
      "geometry": {
        "type": "Point",
        "coordinates": [
          87.27551650000001,
          26.521839
        ]
      },
      "properties": {
        "type": "chain-node",
        "nodeId": "NH09_chain_1",
        "roadCode": "NH09",
        "startPlace": "NH09-wp8",
        "endPlace": "NH09-wp8",
        "bearingDeg": 182,
        "marker-color": "#CC6600",
        "marker-size": "small"
      }
    },
    {
      "type": "Feature",
      "geometry": {
        "type": "Point",
        "coordinates": [
          87.28143750000001,
          26.471914499999997
        ]
      },
      "properties": {
        "type": "chain-node",
        "nodeId": "NH09_chain_0",
        "roadCode": "NH09",
        "startPlace": "NH09-wp0",
        "endPlace": "NH09-wp4",
        "bearingDeg": 353,
        "marker-color": "#CC6600",
        "marker-size": "small"
      }
    },
    {
      "type": "Feature",
      "geometry": {
        "type": "Point",
        "coordinates": [
          87.305108,
          26.4610905
        ]
      },
      "properties": {
        "type": "chain-node",
        "nodeId": "NH05_chain_6",
        "roadCode": "NH05",
        "startPlace": "NH05-wp86",
        "endPlace": "NH05-wp92",
        "bearingDeg": 260,
        "marker-color": "#0066FF",
        "marker-size": "small"
      }
    },
    {
      "type": "Feature",
      "geometry": {
        "type": "Point",
        "coordinates": [
          87.14908,
          26.473494
        ]
      },
      "properties": {
        "type": "chain-node",
        "nodeId": "NH05_chain_7",
        "roadCode": "NH05",
        "startPlace": "NH05-wp104",
        "endPlace": "NH05-wp104",
        "bearingDeg": 0,
        "marker-color": "#0066FF",
        "marker-size": "small"
      }
    },
    {
      "type": "Feature",
      "geometry": {
        "type": "Point",
        "coordinates": [
          87.122091,
          26.482243500000003
        ]
      },
      "properties": {
        "type": "chain-node",
        "nodeId": "NH05_chain_8",
        "roadCode": "NH05",
        "startPlace": "NH05-wp107",
        "endPlace": "NH05-wp107",
        "bearingDeg": 328,
        "marker-color": "#0066FF",
        "marker-size": "small"
      }
    },
    {
      "type": "Feature",
      "geometry": {
        "type": "Point",
        "coordinates": [
          86.70821000000001,
          26.5523235
        ]
      },
      "properties": {
        "type": "chain-node",
        "nodeId": "NH05_chain_9",
        "roadCode": "NH05",
        "startPlace": "NH05-wp144",
        "endPlace": "NH05-wp154",
        "bearingDeg": 287,
        "marker-color": "#0066FF",
        "marker-size": "small"
      }
    },
    {
      "type": "Feature",
      "geometry": {
        "type": "Point",
        "coordinates": [
          86.605075,
          26.5748785
        ]
      },
      "properties": {
        "type": "chain-node",
        "nodeId": "NH05_chain_10",
        "roadCode": "NH05",
        "startPlace": "NH05-wp160",
        "endPlace": "NH05-wp161",
        "bearingDeg": 261,
        "marker-color": "#0066FF",
        "marker-size": "small"
      }
    },
    {
      "type": "Feature",
      "geometry": {
        "type": "Point",
        "coordinates": [
          86.2165995,
          26.6601175
        ]
      },
      "properties": {
        "type": "chain-node",
        "nodeId": "NH05_chain_11",
        "roadCode": "NH05",
        "startPlace": "NH05-wp200",
        "endPlace": "NH05-wp200",
        "bearingDeg": 107,
        "marker-color": "#0066FF",
        "marker-size": "small"
      }
    },
    {
      "type": "Feature",
      "geometry": {
        "type": "Point",
        "coordinates": [
          85.9428425,
          26.725393500000003
        ]
      },
      "properties": {
        "type": "chain-node",
        "nodeId": "NH05_chain_12",
        "roadCode": "NH05",
        "startPlace": "NH05-wp227",
        "endPlace": "NH05-wp227",
        "bearingDeg": 278,
        "marker-color": "#0066FF",
        "marker-size": "small"
      }
    },
    {
      "type": "Feature",
      "geometry": {
        "type": "Point",
        "coordinates": [
          85.9135315,
          26.717041000000002
        ]
      },
      "properties": {
        "type": "chain-node",
        "nodeId": "NH05_chain_13",
        "roadCode": "NH05",
        "startPlace": "NH05-wp229",
        "endPlace": "NH05-wp233",
        "bearingDeg": 240,
        "marker-color": "#0066FF",
        "marker-size": "small"
      }
    },
    {
      "type": "Feature",
      "geometry": {
        "type": "Point",
        "coordinates": [
          85.843851,
          26.6794795
        ]
      },
      "properties": {
        "type": "chain-node",
        "nodeId": "NH05_chain_14",
        "roadCode": "NH05",
        "startPlace": "NH05-wp240",
        "endPlace": "NH05-wp240",
        "bearingDeg": 276,
        "marker-color": "#0066FF",
        "marker-size": "small"
      }
    },
    {
      "type": "Feature",
      "geometry": {
        "type": "Point",
        "coordinates": [
          85.81279,
          26.6550745
        ]
      },
      "properties": {
        "type": "chain-node",
        "nodeId": "NH05_chain_15",
        "roadCode": "NH05",
        "startPlace": "NH05-wp243",
        "endPlace": "NH05-wp246",
        "bearingDeg": 230,
        "marker-color": "#0066FF",
        "marker-size": "small"
      }
    },
    {
      "type": "Feature",
      "geometry": {
        "type": "Point",
        "coordinates": [
          85.570095,
          26.864445
        ]
      },
      "properties": {
        "type": "chain-node",
        "nodeId": "NH05_chain_16",
        "roadCode": "NH05",
        "startPlace": "NH05-wp280",
        "endPlace": "NH05-wp280",
        "bearingDeg": 229,
        "marker-color": "#0066FF",
        "marker-size": "small"
      }
    },
    {
      "type": "Feature",
      "geometry": {
        "type": "Point",
        "coordinates": [
          85.3325135,
          27.044128999999998
        ]
      },
      "properties": {
        "type": "chain-node",
        "nodeId": "NH05_chain_17",
        "roadCode": "NH05",
        "startPlace": "NH05-wp311",
        "endPlace": "NH05-wp311",
        "bearingDeg": 272,
        "marker-color": "#0066FF",
        "marker-size": "small"
      }
    },
    {
      "type": "Feature",
      "geometry": {
        "type": "Point",
        "coordinates": [
          85.1409735,
          27.177309
        ]
      },
      "properties": {
        "type": "chain-node",
        "nodeId": "NH05_chain_18",
        "roadCode": "NH05",
        "startPlace": "NH05-wp335",
        "endPlace": "NH05-wp335",
        "bearingDeg": 257,
        "marker-color": "#0066FF",
        "marker-size": "small"
      }
    },
    {
      "type": "Feature",
      "geometry": {
        "type": "Point",
        "coordinates": [
          84.562094,
          27.611016
        ]
      },
      "properties": {
        "type": "chain-node",
        "nodeId": "NH05_chain_19",
        "roadCode": "NH05",
        "startPlace": "NH05-wp409",
        "endPlace": "NH05-wp411",
        "bearingDeg": 308,
        "marker-color": "#0066FF",
        "marker-size": "small"
      }
    },
    {
      "type": "Feature",
      "geometry": {
        "type": "Point",
        "coordinates": [
          84.4304505,
          27.686898999999997
        ]
      },
      "properties": {
        "type": "chain-node",
        "nodeId": "NH05_chain_20",
        "roadCode": "NH05",
        "startPlace": "NH05-wp427",
        "endPlace": "NH05-wp429",
        "bearingDeg": 226,
        "marker-color": "#0066FF",
        "marker-size": "small"
      }
    },
    {
      "type": "Feature",
      "geometry": {
        "type": "Point",
        "coordinates": [
          84.233049,
          27.684016
        ]
      },
      "properties": {
        "type": "chain-node",
        "nodeId": "NH05_chain_21",
        "roadCode": "NH05",
        "startPlace": "NH05-wp448",
        "endPlace": "NH05-wp448",
        "bearingDeg": 264,
        "marker-color": "#0066FF",
        "marker-size": "small"
      }
    },
    {
      "type": "Feature",
      "geometry": {
        "type": "Point",
        "coordinates": [
          84.1951125,
          27.6860885
        ]
      },
      "properties": {
        "type": "chain-node",
        "nodeId": "NH05_chain_22",
        "roadCode": "NH05",
        "startPlace": "NH05-wp450",
        "endPlace": "NH05-wp452",
        "bearingDeg": 286,
        "marker-color": "#0066FF",
        "marker-size": "small"
      }
    },
    {
      "type": "Feature",
      "geometry": {
        "type": "Point",
        "coordinates": [
          84.166017,
          27.688865
        ]
      },
      "properties": {
        "type": "chain-node",
        "nodeId": "NH05_chain_23",
        "roadCode": "NH05",
        "startPlace": "NH05-wp455",
        "endPlace": "NH05-wp455",
        "bearingDeg": 233,
        "marker-color": "#0066FF",
        "marker-size": "small"
      }
    },
    {
      "type": "Feature",
      "geometry": {
        "type": "Point",
        "coordinates": [
          82.750001,
          27.839361
        ]
      },
      "properties": {
        "type": "chain-node",
        "nodeId": "NH05_chain_24",
        "roadCode": "NH05",
        "startPlace": "NH05-wp596",
        "endPlace": "NH05-wp596",
        "bearingDeg": 267,
        "marker-color": "#0066FF",
        "marker-size": "small"
      }
    },
    {
      "type": "Feature",
      "geometry": {
        "type": "Point",
        "coordinates": [
          82.565063,
          27.8704025
        ]
      },
      "properties": {
        "type": "chain-node",
        "nodeId": "NH05_chain_25",
        "roadCode": "NH05",
        "startPlace": "NH05-wp614",
        "endPlace": "NH05-wp614",
        "bearingDeg": 232,
        "marker-color": "#0066FF",
        "marker-size": "small"
      }
    },
    {
      "type": "Feature",
      "geometry": {
        "type": "Point",
        "coordinates": [
          82.3318605,
          27.9188735
        ]
      },
      "properties": {
        "type": "chain-node",
        "nodeId": "NH05_chain_26",
        "roadCode": "NH05",
        "startPlace": "NH05-wp638",
        "endPlace": "NH05-wp638",
        "bearingDeg": 348,
        "marker-color": "#0066FF",
        "marker-size": "small"
      }
    },
    {
      "type": "Feature",
      "geometry": {
        "type": "Point",
        "coordinates": [
          82.328836,
          27.924619
        ]
      },
      "properties": {
        "type": "chain-node",
        "nodeId": "NH01_chain_72",
        "roadCode": "NH01",
        "startPlace": "Dang (Ghorahi)-wp44",
        "endPlace": "Dang (Ghorahi)-wp44",
        "bearingDeg": 330,
        "marker-color": "#FF0000",
        "marker-size": "small"
      }
    },
    {
      "type": "Feature",
      "geometry": {
        "type": "Point",
        "coordinates": [
          82.364694,
          28.091914000000003
        ]
      },
      "properties": {
        "type": "chain-node",
        "nodeId": "NH01_chain_73",
        "roadCode": "NH01",
        "startPlace": "Tulsipur-wp45",
        "endPlace": "Tulsipur-wp45",
        "bearingDeg": 135,
        "marker-color": "#FF0000",
        "marker-size": "small"
      }
    },
    {
      "type": "Feature",
      "geometry": {
        "type": "Point",
        "coordinates": [
          82.3348465,
          28.116239
        ]
      },
      "properties": {
        "type": "chain-node",
        "nodeId": "NH01_chain_74",
        "roadCode": "NH01",
        "startPlace": "Tulsipur-wp45",
        "endPlace": "Tulsipur",
        "bearingDeg": 304,
        "marker-color": "#FF0000",
        "marker-size": "small"
      }
    },
    {
      "type": "Feature",
      "geometry": {
        "type": "Point",
        "coordinates": [
          82.3170825,
          28.106167
        ]
      },
      "properties": {
        "type": "chain-node",
        "nodeId": "NH01_chain_75",
        "roadCode": "NH01",
        "startPlace": "Tulsipur",
        "endPlace": "Tulsipur",
        "bearingDeg": 323,
        "marker-color": "#FF0000",
        "marker-size": "small"
      }
    },
    {
      "type": "Feature",
      "geometry": {
        "type": "Point",
        "coordinates": [
          82.289803,
          28.1278255
        ]
      },
      "properties": {
        "type": "chain-node",
        "nodeId": "NH01_chain_76",
        "roadCode": "NH01",
        "startPlace": "Tulsipur",
        "endPlace": "Tulsipur",
        "bearingDeg": 225,
        "marker-color": "#FF0000",
        "marker-size": "small"
      }
    },
    {
      "type": "Feature",
      "geometry": {
        "type": "Point",
        "coordinates": [
          82.178095,
          28.367523499999997
        ]
      },
      "properties": {
        "type": "chain-node",
        "nodeId": "NH01_chain_77",
        "roadCode": "NH01",
        "startPlace": "Salyan (Khalanga)",
        "endPlace": "Salyan (Khalanga)",
        "bearingDeg": 260,
        "marker-color": "#FF0000",
        "marker-size": "small"
      }
    },
    {
      "type": "Feature",
      "geometry": {
        "type": "Point",
        "coordinates": [
          82.0558625,
          28.277472000000003
        ]
      },
      "properties": {
        "type": "chain-node",
        "nodeId": "NH01_chain_78",
        "roadCode": "NH01",
        "startPlace": "Salyan (Khalanga)-wp46",
        "endPlace": "Salyan (Khalanga)-wp46",
        "bearingDeg": 324,
        "marker-color": "#FF0000",
        "marker-size": "small"
      }
    },
    {
      "type": "Feature",
      "geometry": {
        "type": "Point",
        "coordinates": [
          82.01155700000001,
          28.314535
        ]
      },
      "properties": {
        "type": "chain-node",
        "nodeId": "NH01_chain_79",
        "roadCode": "NH01",
        "startPlace": "Salyan (Khalanga)-wp46",
        "endPlace": "Salyan (Khalanga)-wp46",
        "bearingDeg": 104,
        "marker-color": "#FF0000",
        "marker-size": "small"
      }
    },
    {
      "type": "Feature",
      "geometry": {
        "type": "Point",
        "coordinates": [
          81.994085,
          28.3239595
        ]
      },
      "properties": {
        "type": "chain-node",
        "nodeId": "NH01_chain_80",
        "roadCode": "NH01",
        "startPlace": "Salyan (Khalanga)-wp46",
        "endPlace": "Salyan (Khalanga)-wp46",
        "bearingDeg": 130,
        "marker-color": "#FF0000",
        "marker-size": "small"
      }
    },
    {
      "type": "Feature",
      "geometry": {
        "type": "Point",
        "coordinates": [
          82.30276,
          28.461188
        ]
      },
      "properties": {
        "type": "chain-node",
        "nodeId": "NH01_chain_81",
        "roadCode": "NH01",
        "startPlace": "Rukum (Chaurjahari)-wp47",
        "endPlace": "Rukum (Chaurjahari)-wp47",
        "bearingDeg": 192,
        "marker-color": "#FF0000",
        "marker-size": "small"
      }
    },
    {
      "type": "Feature",
      "geometry": {
        "type": "Point",
        "coordinates": [
          81.5574775,
          28.809203500000002
        ]
      },
      "properties": {
        "type": "chain-node",
        "nodeId": "NH01_chain_82",
        "roadCode": "NH01",
        "startPlace": "Dailekh-wp48",
        "endPlace": "Dailekh-wp48",
        "bearingDeg": 335,
        "marker-color": "#FF0000",
        "marker-size": "small"
      }
    },
    {
      "type": "Feature",
      "geometry": {
        "type": "Point",
        "coordinates": [
          81.400466,
          28.7834195
        ]
      },
      "properties": {
        "type": "chain-node",
        "nodeId": "NH01_chain_83",
        "roadCode": "NH01",
        "startPlace": "Dailekh-wp48",
        "endPlace": "Dailekh-wp48",
        "bearingDeg": 273,
        "marker-color": "#FF0000",
        "marker-size": "small"
      }
    },
    {
      "type": "Feature",
      "geometry": {
        "type": "Point",
        "coordinates": [
          80.45296,
          28.6527985
        ]
      },
      "properties": {
        "type": "chain-node",
        "nodeId": "NH01_chain_84",
        "roadCode": "NH01",
        "startPlace": "Dhangadhi-wp50",
        "endPlace": "Dhangadhi-wp50",
        "bearingDeg": 316,
        "marker-color": "#FF0000",
        "marker-size": "small"
      }
    },
    {
      "type": "Feature",
      "geometry": {
        "type": "Point",
        "coordinates": [
          80.2135,
          28.9205405
        ]
      },
      "properties": {
        "type": "chain-node",
        "nodeId": "NH01_chain_85",
        "roadCode": "NH01",
        "startPlace": "Bhimdatta (Mahendranagar)",
        "endPlace": "Bhimdatta (Mahendranagar)-wp52",
        "bearingDeg": 135,
        "marker-color": "#FF0000",
        "marker-size": "small"
      }
    },
    {
      "type": "Feature",
      "geometry": {
        "type": "Point",
        "coordinates": [
          87.273723,
          26.669449
        ]
      },
      "properties": {
        "type": "junction",
        "junctionId": "J_26.66945_87.27372_NH01_NH09",
        "roads": "NH01, NH09",
        "detectionMethod": "shared-node",
        "marker-color": "#FFD700",
        "marker-size": "medium",
        "marker-symbol": "star"
      }
    },
    {
      "type": "Feature",
      "geometry": {
        "type": "Point",
        "coordinates": [
          87.273051,
          26.663412
        ]
      },
      "properties": {
        "type": "junction",
        "junctionId": "J_26.66341_87.27305_NH01_NH09",
        "roads": "NH01, NH09",
        "detectionMethod": "shared-node",
        "marker-color": "#FFD700",
        "marker-size": "medium",
        "marker-symbol": "star"
      }
    },
    {
      "type": "Feature",
      "geometry": {
        "type": "Point",
        "coordinates": [
          82.330129,
          27.922311
        ]
      },
      "properties": {
        "type": "junction",
        "junctionId": "J_27.92231_82.33013_NH01_NH05",
        "roads": "NH01, NH05",
        "detectionMethod": "shared-node",
        "marker-color": "#FFD700",
        "marker-size": "medium",
        "marker-symbol": "star"
      }
    },
    {
      "type": "Feature",
      "geometry": {
        "type": "Point",
        "coordinates": [
          87.292861,
          26.460169
        ]
      },
      "properties": {
        "type": "junction",
        "junctionId": "J_26.46017_87.29286_NH05_NH09",
        "roads": "NH05, NH09",
        "detectionMethod": "shared-node",
        "marker-color": "#FFD700",
        "marker-size": "medium",
        "marker-symbol": "star"
      }
    },
    {
      "type": "Feature",
      "geometry": {
        "type": "Point",
        "coordinates": [
          87.278229,
          26.552115
        ]
      },
      "properties": {
        "type": "junction",
        "junctionId": "J_26.55212_87.27823_FR02_NH09",
        "roads": "FR02, NH09",
        "detectionMethod": "shared-node",
        "marker-color": "#FFD700",
        "marker-size": "medium",
        "marker-symbol": "star"
      }
    },
    {
      "type": "Feature",
      "geometry": {
        "type": "Point",
        "coordinates": [
          87.278968,
          26.585543
        ]
      },
      "properties": {
        "type": "junction",
        "junctionId": "J_26.58554_87.27897_FR02_NH09",
        "roads": "FR02, NH09",
        "detectionMethod": "shared-node",
        "marker-color": "#FFD700",
        "marker-size": "medium",
        "marker-symbol": "star"
      }
    },
    {
      "type": "Feature",
      "geometry": {
        "type": "LineString",
        "coordinates": [
          [
            87.3761155,
            26.663514499999998
          ],
          [
            87.2692855,
            26.6674815
          ]
        ]
      },
      "properties": {
        "edgeType": "intra-road",
        "roadCode": "NH01",
        "fromNode": "NH01_chain_4",
        "toNode": "NH01_chain_5",
        "distanceKm": 9.13,
        "weight": 18.26,
        "stroke": "#FF0000",
        "stroke-width": 3,
        "stroke-dasharray": "none"
      }
    },
    {
      "type": "Feature",
      "geometry": {
        "type": "LineString",
        "coordinates": [
          [
            87.2692855,
            26.6674815
          ],
          [
            87.264343,
            26.470498499999998
          ]
        ]
      },
      "properties": {
        "edgeType": "intra-road",
        "roadCode": "NH01",
        "fromNode": "NH01_chain_5",
        "toNode": "NH01_chain_6",
        "distanceKm": 23.07,
        "weight": 46.14,
        "stroke": "#FF0000",
        "stroke-width": 3,
        "stroke-dasharray": "none"
      }
    },
    {
      "type": "Feature",
      "geometry": {
        "type": "LineString",
        "coordinates": [
          [
            87.264343,
            26.470498499999998
          ],
          [
            87.243069,
            26.518445
          ]
        ]
      },
      "properties": {
        "edgeType": "intra-road",
        "roadCode": "NH01",
        "fromNode": "NH01_chain_6",
        "toNode": "NH01_chain_7",
        "distanceKm": 4.28,
        "weight": 4.28,
        "stroke": "#FF0000",
        "stroke-width": 3,
        "stroke-dasharray": "none"
      }
    },
    {
      "type": "Feature",
      "geometry": {
        "type": "LineString",
        "coordinates": [
          [
            87.243069,
            26.518445
          ],
          [
            87.23897249999999,
            26.4811455
          ]
        ]
      },
      "properties": {
        "edgeType": "intra-road",
        "roadCode": "NH01",
        "fromNode": "NH01_chain_7",
        "toNode": "NH01_chain_8",
        "distanceKm": 4.06,
        "weight": 4.06,
        "stroke": "#FF0000",
        "stroke-width": 3,
        "stroke-dasharray": "none"
      }
    },
    {
      "type": "Feature",
      "geometry": {
        "type": "LineString",
        "coordinates": [
          [
            87.23897249999999,
            26.4811455
          ],
          [
            87.071426,
            26.622142500000002
          ]
        ]
      },
      "properties": {
        "edgeType": "intra-road",
        "roadCode": "NH01",
        "fromNode": "NH01_chain_8",
        "toNode": "NH01_chain_9",
        "distanceKm": 22.3,
        "weight": 44.6,
        "stroke": "#FF0000",
        "stroke-width": 3,
        "stroke-dasharray": "none"
      }
    },
    {
      "type": "Feature",
      "geometry": {
        "type": "LineString",
        "coordinates": [
          [
            87.071426,
            26.622142500000002
          ],
          [
            87.187164,
            26.604577
          ]
        ]
      },
      "properties": {
        "edgeType": "intra-road",
        "roadCode": "NH01",
        "fromNode": "NH01_chain_9",
        "toNode": "NH01_chain_10",
        "distanceKm": 12.28,
        "weight": 24.56,
        "stroke": "#FF0000",
        "stroke-width": 3,
        "stroke-dasharray": "none"
      }
    },
    {
      "type": "Feature",
      "geometry": {
        "type": "LineString",
        "coordinates": [
          [
            87.187164,
            26.604577
          ],
          [
            87.12091000000001,
            26.609753
          ]
        ]
      },
      "properties": {
        "edgeType": "intra-road",
        "roadCode": "NH01",
        "fromNode": "NH01_chain_10",
        "toNode": "NH01_chain_11",
        "distanceKm": 4.1,
        "weight": 4.1,
        "stroke": "#FF0000",
        "stroke-width": 3,
        "stroke-dasharray": "none"
      }
    },
    {
      "type": "Feature",
      "geometry": {
        "type": "LineString",
        "coordinates": [
          [
            87.12091000000001,
            26.609753
          ],
          [
            87.08084,
            26.600096999999998
          ]
        ]
      },
      "properties": {
        "edgeType": "intra-road",
        "roadCode": "NH01",
        "fromNode": "NH01_chain_11",
        "toNode": "NH01_chain_12",
        "distanceKm": 2.34,
        "weight": 2.34,
        "stroke": "#FF0000",
        "stroke-width": 3,
        "stroke-dasharray": "none"
      }
    },
    {
      "type": "Feature",
      "geometry": {
        "type": "LineString",
        "coordinates": [
          [
            87.08084,
            26.600096999999998
          ],
          [
            86.770791,
            26.529370999999998
          ]
        ]
      },
      "properties": {
        "edgeType": "intra-road",
        "roadCode": "NH01",
        "fromNode": "NH01_chain_12",
        "toNode": "NH01_chain_13",
        "distanceKm": 31.19,
        "weight": 62.38,
        "stroke": "#FF0000",
        "stroke-width": 3,
        "stroke-dasharray": "none"
      }
    },
    {
      "type": "Feature",
      "geometry": {
        "type": "LineString",
        "coordinates": [
          [
            86.770791,
            26.529370999999998
          ],
          [
            86.68776349999999,
            26.555467
          ]
        ]
      },
      "properties": {
        "edgeType": "intra-road",
        "roadCode": "NH01",
        "fromNode": "NH01_chain_13",
        "toNode": "NH01_chain_14",
        "distanceKm": 7.73,
        "weight": 15.45,
        "stroke": "#FF0000",
        "stroke-width": 3,
        "stroke-dasharray": "none"
      }
    },
    {
      "type": "Feature",
      "geometry": {
        "type": "LineString",
        "coordinates": [
          [
            86.68776349999999,
            26.555467
          ],
          [
            86.495919,
            26.708689
          ]
        ]
      },
      "properties": {
        "edgeType": "intra-road",
        "roadCode": "NH01",
        "fromNode": "NH01_chain_14",
        "toNode": "NH01_chain_15",
        "distanceKm": 24.14,
        "weight": 48.29,
        "stroke": "#FF0000",
        "stroke-width": 3,
        "stroke-dasharray": "none"
      }
    },
    {
      "type": "Feature",
      "geometry": {
        "type": "LineString",
        "coordinates": [
          [
            86.495919,
            26.708689
          ],
          [
            86.21903549999999,
            26.651542
          ]
        ]
      },
      "properties": {
        "edgeType": "intra-road",
        "roadCode": "NH01",
        "fromNode": "NH01_chain_15",
        "toNode": "NH01_chain_16",
        "distanceKm": 27.69,
        "weight": 55.37,
        "stroke": "#FF0000",
        "stroke-width": 3,
        "stroke-dasharray": "none"
      }
    },
    {
      "type": "Feature",
      "geometry": {
        "type": "LineString",
        "coordinates": [
          [
            86.21903549999999,
            26.651542
          ],
          [
            86.0495875,
            26.6906885
          ]
        ]
      },
      "properties": {
        "edgeType": "intra-road",
        "roadCode": "NH01",
        "fromNode": "NH01_chain_16",
        "toNode": "NH01_chain_17",
        "distanceKm": 16.09,
        "weight": 32.18,
        "stroke": "#FF0000",
        "stroke-width": 3,
        "stroke-dasharray": "none"
      }
    },
    {
      "type": "Feature",
      "geometry": {
        "type": "LineString",
        "coordinates": [
          [
            86.0495875,
            26.6906885
          ],
          [
            85.977041,
            26.778444999999998
          ]
        ]
      },
      "properties": {
        "edgeType": "intra-road",
        "roadCode": "NH01",
        "fromNode": "NH01_chain_17",
        "toNode": "NH01_chain_18",
        "distanceKm": 12.23,
        "weight": 24.47,
        "stroke": "#FF0000",
        "stroke-width": 3,
        "stroke-dasharray": "none"
      }
    },
    {
      "type": "Feature",
      "geometry": {
        "type": "LineString",
        "coordinates": [
          [
            85.977041,
            26.778444999999998
          ],
          [
            85.8430575,
            26.894015500000002
          ]
        ]
      },
      "properties": {
        "edgeType": "intra-road",
        "roadCode": "NH01",
        "fromNode": "NH01_chain_18",
        "toNode": "NH01_chain_19",
        "distanceKm": 18.26,
        "weight": 36.53,
        "stroke": "#FF0000",
        "stroke-width": 3,
        "stroke-dasharray": "none"
      }
    },
    {
      "type": "Feature",
      "geometry": {
        "type": "LineString",
        "coordinates": [
          [
            85.8430575,
            26.894015500000002
          ],
          [
            85.8284015,
            26.810582
          ]
        ]
      },
      "properties": {
        "edgeType": "intra-road",
        "roadCode": "NH01",
        "fromNode": "NH01_chain_19",
        "toNode": "NH01_chain_20",
        "distanceKm": 9.37,
        "weight": 18.74,
        "stroke": "#FF0000",
        "stroke-width": 3,
        "stroke-dasharray": "none"
      }
    },
    {
      "type": "Feature",
      "geometry": {
        "type": "LineString",
        "coordinates": [
          [
            85.8284015,
            26.810582
          ],
          [
            85.79047249999999,
            26.660795999999998
          ]
        ]
      },
      "properties": {
        "edgeType": "intra-road",
        "roadCode": "NH01",
        "fromNode": "NH01_chain_20",
        "toNode": "NH01_chain_21",
        "distanceKm": 18.07,
        "weight": 36.13,
        "stroke": "#FF0000",
        "stroke-width": 3,
        "stroke-dasharray": "none"
      }
    },
    {
      "type": "Feature",
      "geometry": {
        "type": "LineString",
        "coordinates": [
          [
            85.79047249999999,
            26.660795999999998
          ],
          [
            85.459065,
            26.904901
          ]
        ]
      },
      "properties": {
        "edgeType": "intra-road",
        "roadCode": "NH01",
        "fromNode": "NH01_chain_21",
        "toNode": "NH01_chain_22",
        "distanceKm": 40.92,
        "weight": 81.85,
        "stroke": "#FF0000",
        "stroke-width": 3,
        "stroke-dasharray": "none"
      }
    },
    {
      "type": "Feature",
      "geometry": {
        "type": "LineString",
        "coordinates": [
          [
            85.459065,
            26.904901
          ],
          [
            85.4236635,
            26.9189795
          ]
        ]
      },
      "properties": {
        "edgeType": "intra-road",
        "roadCode": "NH01",
        "fromNode": "NH01_chain_22",
        "toNode": "NH01_chain_23",
        "distanceKm": 3.7,
        "weight": 3.7,
        "stroke": "#FF0000",
        "stroke-width": 3,
        "stroke-dasharray": "none"
      }
    },
    {
      "type": "Feature",
      "geometry": {
        "type": "LineString",
        "coordinates": [
          [
            85.4236635,
            26.9189795
          ],
          [
            85.3432885,
            26.9468125
          ]
        ]
      },
      "properties": {
        "edgeType": "intra-road",
        "roadCode": "NH01",
        "fromNode": "NH01_chain_23",
        "toNode": "NH01_chain_24",
        "distanceKm": 9.02,
        "weight": 18.04,
        "stroke": "#FF0000",
        "stroke-width": 3,
        "stroke-dasharray": "none"
      }
    },
    {
      "type": "Feature",
      "geometry": {
        "type": "LineString",
        "coordinates": [
          [
            85.3432885,
            26.9468125
          ],
          [
            85.3255065,
            26.9331
          ]
        ]
      },
      "properties": {
        "edgeType": "intra-road",
        "roadCode": "NH01",
        "fromNode": "NH01_chain_24",
        "toNode": "NH01_chain_25",
        "distanceKm": 2.23,
        "weight": 2.23,
        "stroke": "#FF0000",
        "stroke-width": 3,
        "stroke-dasharray": "none"
      }
    },
    {
      "type": "Feature",
      "geometry": {
        "type": "LineString",
        "coordinates": [
          [
            85.3255065,
            26.9331
          ],
          [
            85.26820000000001,
            26.765867
          ]
        ]
      },
      "properties": {
        "edgeType": "intra-road",
        "roadCode": "NH01",
        "fromNode": "NH01_chain_25",
        "toNode": "NH01_chain_26",
        "distanceKm": 19.4,
        "weight": 38.8,
        "stroke": "#FF0000",
        "stroke-width": 3,
        "stroke-dasharray": "none"
      }
    },
    {
      "type": "Feature",
      "geometry": {
        "type": "LineString",
        "coordinates": [
          [
            85.26820000000001,
            26.765867
          ],
          [
            85.23895949999999,
            26.8222155
          ]
        ]
      },
      "properties": {
        "edgeType": "intra-road",
        "roadCode": "NH01",
        "fromNode": "NH01_chain_26",
        "toNode": "NH01_chain_27",
        "distanceKm": 7.24,
        "weight": 14.49,
        "stroke": "#FF0000",
        "stroke-width": 3,
        "stroke-dasharray": "none"
      }
    },
    {
      "type": "Feature",
      "geometry": {
        "type": "LineString",
        "coordinates": [
          [
            85.23895949999999,
            26.8222155
          ],
          [
            85.220388,
            26.8568805
          ]
        ]
      },
      "properties": {
        "edgeType": "intra-road",
        "roadCode": "NH01",
        "fromNode": "NH01_chain_27",
        "toNode": "NH01_chain_28",
        "distanceKm": 4.96,
        "weight": 5.11,
        "stroke": "#FF0000",
        "stroke-width": 3,
        "stroke-dasharray": "none"
      }
    },
    {
      "type": "Feature",
      "geometry": {
        "type": "LineString",
        "coordinates": [
          [
            85.220388,
            26.8568805
          ],
          [
            85.21589399999999,
            26.8741585
          ]
        ]
      },
      "properties": {
        "edgeType": "intra-road",
        "roadCode": "NH01",
        "fromNode": "NH01_chain_28",
        "toNode": "NH01_chain_29",
        "distanceKm": 2.49,
        "weight": 2.49,
        "stroke": "#FF0000",
        "stroke-width": 3,
        "stroke-dasharray": "none"
      }
    },
    {
      "type": "Feature",
      "geometry": {
        "type": "LineString",
        "coordinates": [
          [
            85.21589399999999,
            26.8741585
          ],
          [
            84.88656,
            27.003692
          ]
        ]
      },
      "properties": {
        "edgeType": "intra-road",
        "roadCode": "NH01",
        "fromNode": "NH01_chain_29",
        "toNode": "NH01_chain_30",
        "distanceKm": 35.72,
        "weight": 71.43,
        "stroke": "#FF0000",
        "stroke-width": 3,
        "stroke-dasharray": "none"
      }
    },
    {
      "type": "Feature",
      "geometry": {
        "type": "LineString",
        "coordinates": [
          [
            84.88656,
            27.003692
          ],
          [
            84.8743355,
            27.0129655
          ]
        ]
      },
      "properties": {
        "edgeType": "intra-road",
        "roadCode": "NH01",
        "fromNode": "NH01_chain_30",
        "toNode": "NH01_chain_31",
        "distanceKm": 2.16,
        "weight": 2.16,
        "stroke": "#FF0000",
        "stroke-width": 3,
        "stroke-dasharray": "none"
      }
    },
    {
      "type": "Feature",
      "geometry": {
        "type": "LineString",
        "coordinates": [
          [
            84.8743355,
            27.0129655
          ],
          [
            85.028491,
            27.412959999999998
          ]
        ]
      },
      "properties": {
        "edgeType": "intra-road",
        "roadCode": "NH01",
        "fromNode": "NH01_chain_31",
        "toNode": "NH01_chain_32",
        "distanceKm": 49.43,
        "weight": 98.86,
        "stroke": "#FF0000",
        "stroke-width": 3,
        "stroke-dasharray": "none"
      }
    },
    {
      "type": "Feature",
      "geometry": {
        "type": "LineString",
        "coordinates": [
          [
            85.028491,
            27.412959999999998
          ],
          [
            85.026621,
            27.430162
          ]
        ]
      },
      "properties": {
        "edgeType": "intra-road",
        "roadCode": "NH01",
        "fromNode": "NH01_chain_32",
        "toNode": "NH01_chain_33",
        "distanceKm": 3.3,
        "weight": 3.3,
        "stroke": "#FF0000",
        "stroke-width": 3,
        "stroke-dasharray": "none"
      }
    },
    {
      "type": "Feature",
      "geometry": {
        "type": "LineString",
        "coordinates": [
          [
            85.026621,
            27.430162
          ],
          [
            85.02314150000001,
            27.402188000000002
          ]
        ]
      },
      "properties": {
        "edgeType": "intra-road",
        "roadCode": "NH01",
        "fromNode": "NH01_chain_33",
        "toNode": "NH01_chain_34",
        "distanceKm": 2.72,
        "weight": 2.72,
        "stroke": "#FF0000",
        "stroke-width": 3,
        "stroke-dasharray": "none"
      }
    },
    {
      "type": "Feature",
      "geometry": {
        "type": "LineString",
        "coordinates": [
          [
            85.02314150000001,
            27.402188000000002
          ],
          [
            85.0313265,
            27.4312995
          ]
        ]
      },
      "properties": {
        "edgeType": "intra-road",
        "roadCode": "NH01",
        "fromNode": "NH01_chain_34",
        "toNode": "NH01_chain_35",
        "distanceKm": 3.55,
        "weight": 3.55,
        "stroke": "#FF0000",
        "stroke-width": 3,
        "stroke-dasharray": "none"
      }
    },
    {
      "type": "Feature",
      "geometry": {
        "type": "LineString",
        "coordinates": [
          [
            85.0313265,
            27.4312995
          ],
          [
            85.02305050000001,
            27.40783
          ]
        ]
      },
      "properties": {
        "edgeType": "intra-road",
        "roadCode": "NH01",
        "fromNode": "NH01_chain_35",
        "toNode": "NH01_chain_36",
        "distanceKm": 2.71,
        "weight": 2.71,
        "stroke": "#FF0000",
        "stroke-width": 3,
        "stroke-dasharray": "none"
      }
    },
    {
      "type": "Feature",
      "geometry": {
        "type": "LineString",
        "coordinates": [
          [
            85.02305050000001,
            27.40783
          ],
          [
            85.016271,
            27.377319
          ]
        ]
      },
      "properties": {
        "edgeType": "intra-road",
        "roadCode": "NH01",
        "fromNode": "NH01_chain_36",
        "toNode": "NH01_chain_37",
        "distanceKm": 3.47,
        "weight": 3.53,
        "stroke": "#FF0000",
        "stroke-width": 3,
        "stroke-dasharray": "none"
      }
    },
    {
      "type": "Feature",
      "geometry": {
        "type": "LineString",
        "coordinates": [
          [
            85.016271,
            27.377319
          ],
          [
            85.0158,
            27.431681
          ]
        ]
      },
      "properties": {
        "edgeType": "intra-road",
        "roadCode": "NH01",
        "fromNode": "NH01_chain_37",
        "toNode": "NH01_chain_38",
        "distanceKm": 6.01,
        "weight": 13.17,
        "stroke": "#FF0000",
        "stroke-width": 3,
        "stroke-dasharray": "none"
      }
    },
    {
      "type": "Feature",
      "geometry": {
        "type": "LineString",
        "coordinates": [
          [
            85.0158,
            27.431681
          ],
          [
            84.994716,
            27.3359245
          ]
        ]
      },
      "properties": {
        "edgeType": "intra-road",
        "roadCode": "NH01",
        "fromNode": "NH01_chain_38",
        "toNode": "NH01_chain_39",
        "distanceKm": 11.22,
        "weight": 24.27,
        "stroke": "#FF0000",
        "stroke-width": 3,
        "stroke-dasharray": "none"
      }
    },
    {
      "type": "Feature",
      "geometry": {
        "type": "LineString",
        "coordinates": [
          [
            84.994716,
            27.3359245
          ],
          [
            84.991235,
            27.445361499999997
          ]
        ]
      },
      "properties": {
        "edgeType": "intra-road",
        "roadCode": "NH01",
        "fromNode": "NH01_chain_39",
        "toNode": "NH01_chain_40",
        "distanceKm": 12.6,
        "weight": 25.19,
        "stroke": "#FF0000",
        "stroke-width": 3,
        "stroke-dasharray": "none"
      }
    },
    {
      "type": "Feature",
      "geometry": {
        "type": "LineString",
        "coordinates": [
          [
            84.991235,
            27.445361499999997
          ],
          [
            84.9747385,
            27.451696
          ]
        ]
      },
      "properties": {
        "edgeType": "intra-road",
        "roadCode": "NH01",
        "fromNode": "NH01_chain_40",
        "toNode": "NH01_chain_41",
        "distanceKm": 2.04,
        "weight": 2.04,
        "stroke": "#FF0000",
        "stroke-width": 3,
        "stroke-dasharray": "none"
      }
    },
    {
      "type": "Feature",
      "geometry": {
        "type": "LineString",
        "coordinates": [
          [
            84.9747385,
            27.451696
          ],
          [
            84.820082,
            27.518856
          ]
        ]
      },
      "properties": {
        "edgeType": "intra-road",
        "roadCode": "NH01",
        "fromNode": "NH01_chain_41",
        "toNode": "NH01_chain_42",
        "distanceKm": 16.71,
        "weight": 33.41,
        "stroke": "#FF0000",
        "stroke-width": 3,
        "stroke-dasharray": "none"
      }
    },
    {
      "type": "Feature",
      "geometry": {
        "type": "LineString",
        "coordinates": [
          [
            84.820082,
            27.518856
          ],
          [
            84.7423545,
            27.5523235
          ]
        ]
      },
      "properties": {
        "edgeType": "intra-road",
        "roadCode": "NH01",
        "fromNode": "NH01_chain_42",
        "toNode": "NH01_chain_43",
        "distanceKm": 6.59,
        "weight": 13.18,
        "stroke": "#FF0000",
        "stroke-width": 3,
        "stroke-dasharray": "none"
      }
    },
    {
      "type": "Feature",
      "geometry": {
        "type": "LineString",
        "coordinates": [
          [
            84.7423545,
            27.5523235
          ],
          [
            84.614506,
            27.609192
          ]
        ]
      },
      "properties": {
        "edgeType": "intra-road",
        "roadCode": "NH01",
        "fromNode": "NH01_chain_43",
        "toNode": "NH01_chain_44",
        "distanceKm": 14.73,
        "weight": 29.46,
        "stroke": "#FF0000",
        "stroke-width": 3,
        "stroke-dasharray": "none"
      }
    },
    {
      "type": "Feature",
      "geometry": {
        "type": "LineString",
        "coordinates": [
          [
            84.614506,
            27.609192
          ],
          [
            84.225492,
            27.684065
          ]
        ]
      },
      "properties": {
        "edgeType": "intra-road",
        "roadCode": "NH01",
        "fromNode": "NH01_chain_44",
        "toNode": "NH01_chain_45",
        "distanceKm": 37.85,
        "weight": 75.69,
        "stroke": "#FF0000",
        "stroke-width": 3,
        "stroke-dasharray": "none"
      }
    },
    {
      "type": "Feature",
      "geometry": {
        "type": "LineString",
        "coordinates": [
          [
            84.225492,
            27.684065
          ],
          [
            83.51582099999999,
            27.6247105
          ]
        ]
      },
      "properties": {
        "edgeType": "intra-road",
        "roadCode": "NH01",
        "fromNode": "NH01_chain_45",
        "toNode": "NH01_chain_46",
        "distanceKm": 70.09,
        "weight": 140.17,
        "stroke": "#FF0000",
        "stroke-width": 3,
        "stroke-dasharray": "none"
      }
    },
    {
      "type": "Feature",
      "geometry": {
        "type": "LineString",
        "coordinates": [
          [
            83.51582099999999,
            27.6247105
          ],
          [
            83.465846,
            27.65103
          ]
        ]
      },
      "properties": {
        "edgeType": "intra-road",
        "roadCode": "NH01",
        "fromNode": "NH01_chain_46",
        "toNode": "NH01_chain_47",
        "distanceKm": 5.47,
        "weight": 11.06,
        "stroke": "#FF0000",
        "stroke-width": 3,
        "stroke-dasharray": "none"
      }
    },
    {
      "type": "Feature",
      "geometry": {
        "type": "LineString",
        "coordinates": [
          [
            83.465846,
            27.65103
          ],
          [
            83.433299,
            27.657732000000003
          ]
        ]
      },
      "properties": {
        "edgeType": "intra-road",
        "roadCode": "NH01",
        "fromNode": "NH01_chain_47",
        "toNode": "NH01_chain_48",
        "distanceKm": 3.36,
        "weight": 3.52,
        "stroke": "#FF0000",
        "stroke-width": 3,
        "stroke-dasharray": "none"
      }
    },
    {
      "type": "Feature",
      "geometry": {
        "type": "LineString",
        "coordinates": [
          [
            83.433299,
            27.657732000000003
          ],
          [
            83.3842325,
            27.508922
          ]
        ]
      },
      "properties": {
        "edgeType": "intra-road",
        "roadCode": "NH01",
        "fromNode": "NH01_chain_48",
        "toNode": "NH01_chain_49",
        "distanceKm": 16.46,
        "weight": 35.54,
        "stroke": "#FF0000",
        "stroke-width": 3,
        "stroke-dasharray": "none"
      }
    },
    {
      "type": "Feature",
      "geometry": {
        "type": "LineString",
        "coordinates": [
          [
            83.3842325,
            27.508922
          ],
          [
            83.4190445,
            27.623406
          ]
        ]
      },
      "properties": {
        "edgeType": "intra-road",
        "roadCode": "NH01",
        "fromNode": "NH01_chain_49",
        "toNode": "NH01_chain_50",
        "distanceKm": 13.88,
        "weight": 30.91,
        "stroke": "#FF0000",
        "stroke-width": 3,
        "stroke-dasharray": "none"
      }
    },
    {
      "type": "Feature",
      "geometry": {
        "type": "LineString",
        "coordinates": [
          [
            83.4190445,
            27.623406
          ],
          [
            83.4108595,
            27.5961765
          ]
        ]
      },
      "properties": {
        "edgeType": "intra-road",
        "roadCode": "NH01",
        "fromNode": "NH01_chain_50",
        "toNode": "NH01_chain_51",
        "distanceKm": 3.21,
        "weight": 3.26,
        "stroke": "#FF0000",
        "stroke-width": 3,
        "stroke-dasharray": "none"
      }
    },
    {
      "type": "Feature",
      "geometry": {
        "type": "LineString",
        "coordinates": [
          [
            83.4108595,
            27.5961765
          ],
          [
            83.6122365,
            27.567802
          ]
        ]
      },
      "properties": {
        "edgeType": "intra-road",
        "roadCode": "NH01",
        "fromNode": "NH01_chain_51",
        "toNode": "NH01_chain_52",
        "distanceKm": 20.39,
        "weight": 40.78,
        "stroke": "#FF0000",
        "stroke-width": 3,
        "stroke-dasharray": "none"
      }
    },
    {
      "type": "Feature",
      "geometry": {
        "type": "LineString",
        "coordinates": [
          [
            83.6122365,
            27.567802
          ],
          [
            83.58725899999999,
            27.580357
          ]
        ]
      },
      "properties": {
        "edgeType": "intra-road",
        "roadCode": "NH01",
        "fromNode": "NH01_chain_52",
        "toNode": "NH01_chain_53",
        "distanceKm": 2.33,
        "weight": 2.33,
        "stroke": "#FF0000",
        "stroke-width": 3,
        "stroke-dasharray": "none"
      }
    },
    {
      "type": "Feature",
      "geometry": {
        "type": "LineString",
        "coordinates": [
          [
            83.58725899999999,
            27.580357
          ],
          [
            83.56662349999999,
            27.592295
          ]
        ]
      },
      "properties": {
        "edgeType": "intra-road",
        "roadCode": "NH01",
        "fromNode": "NH01_chain_53",
        "toNode": "NH01_chain_54",
        "distanceKm": 2.24,
        "weight": 2.24,
        "stroke": "#FF0000",
        "stroke-width": 3,
        "stroke-dasharray": "none"
      }
    },
    {
      "type": "Feature",
      "geometry": {
        "type": "LineString",
        "coordinates": [
          [
            83.56662349999999,
            27.592295
          ],
          [
            83.52770749999999,
            27.6128135
          ]
        ]
      },
      "properties": {
        "edgeType": "intra-road",
        "roadCode": "NH01",
        "fromNode": "NH01_chain_54",
        "toNode": "NH01_chain_55",
        "distanceKm": 3.39,
        "weight": 3.39,
        "stroke": "#FF0000",
        "stroke-width": 3,
        "stroke-dasharray": "none"
      }
    },
    {
      "type": "Feature",
      "geometry": {
        "type": "LineString",
        "coordinates": [
          [
            83.52770749999999,
            27.6128135
          ],
          [
            83.77344550000001,
            27.554926000000002
          ]
        ]
      },
      "properties": {
        "edgeType": "intra-road",
        "roadCode": "NH01",
        "fromNode": "NH01_chain_55",
        "toNode": "NH01_chain_56",
        "distanceKm": 27.04,
        "weight": 56.2,
        "stroke": "#FF0000",
        "stroke-width": 3,
        "stroke-dasharray": "none"
      }
    },
    {
      "type": "Feature",
      "geometry": {
        "type": "LineString",
        "coordinates": [
          [
            83.77344550000001,
            27.554926000000002
          ],
          [
            83.748531,
            27.5490125
          ]
        ]
      },
      "properties": {
        "edgeType": "intra-road",
        "roadCode": "NH01",
        "fromNode": "NH01_chain_56",
        "toNode": "NH01_chain_57",
        "distanceKm": 2.29,
        "weight": 2.29,
        "stroke": "#FF0000",
        "stroke-width": 3,
        "stroke-dasharray": "none"
      }
    },
    {
      "type": "Feature",
      "geometry": {
        "type": "LineString",
        "coordinates": [
          [
            83.748531,
            27.5490125
          ],
          [
            83.86838700000001,
            27.5795755
          ]
        ]
      },
      "properties": {
        "edgeType": "intra-road",
        "roadCode": "NH01",
        "fromNode": "NH01_chain_57",
        "toNode": "NH01_chain_58",
        "distanceKm": 12.48,
        "weight": 24.96,
        "stroke": "#FF0000",
        "stroke-width": 3,
        "stroke-dasharray": "none"
      }
    },
    {
      "type": "Feature",
      "geometry": {
        "type": "LineString",
        "coordinates": [
          [
            83.86838700000001,
            27.5795755
          ],
          [
            83.66749150000001,
            27.5336845
          ]
        ]
      },
      "properties": {
        "edgeType": "intra-road",
        "roadCode": "NH01",
        "fromNode": "NH01_chain_58",
        "toNode": "NH01_chain_59",
        "distanceKm": 20.55,
        "weight": 41.09,
        "stroke": "#FF0000",
        "stroke-width": 3,
        "stroke-dasharray": "none"
      }
    },
    {
      "type": "Feature",
      "geometry": {
        "type": "LineString",
        "coordinates": [
          [
            83.66749150000001,
            27.5336845
          ],
          [
            83.641884,
            27.545806499999998
          ]
        ]
      },
      "properties": {
        "edgeType": "intra-road",
        "roadCode": "NH01",
        "fromNode": "NH01_chain_59",
        "toNode": "NH01_chain_60",
        "distanceKm": 2.48,
        "weight": 2.48,
        "stroke": "#FF0000",
        "stroke-width": 3,
        "stroke-dasharray": "none"
      }
    },
    {
      "type": "Feature",
      "geometry": {
        "type": "LineString",
        "coordinates": [
          [
            83.641884,
            27.545806499999998
          ],
          [
            81.624687,
            28.053066
          ]
        ]
      },
      "properties": {
        "edgeType": "intra-road",
        "roadCode": "NH01",
        "fromNode": "NH01_chain_60",
        "toNode": "NH01_chain_61",
        "distanceKm": 206.51,
        "weight": 413.02,
        "stroke": "#FF0000",
        "stroke-width": 3,
        "stroke-dasharray": "none"
      }
    },
    {
      "type": "Feature",
      "geometry": {
        "type": "LineString",
        "coordinates": [
          [
            81.624687,
            28.053066
          ],
          [
            81.6870455,
            28.199075
          ]
        ]
      },
      "properties": {
        "edgeType": "intra-road",
        "roadCode": "NH01",
        "fromNode": "NH01_chain_61",
        "toNode": "NH01_chain_62",
        "distanceKm": 17.52,
        "weight": 35.25,
        "stroke": "#FF0000",
        "stroke-width": 3,
        "stroke-dasharray": "none"
      }
    },
    {
      "type": "Feature",
      "geometry": {
        "type": "LineString",
        "coordinates": [
          [
            81.6870455,
            28.199075
          ],
          [
            81.7226615,
            28.5313815
          ]
        ]
      },
      "properties": {
        "edgeType": "intra-road",
        "roadCode": "NH01",
        "fromNode": "NH01_chain_62",
        "toNode": "NH01_chain_63",
        "distanceKm": 36.72,
        "weight": 73.43,
        "stroke": "#FF0000",
        "stroke-width": 3,
        "stroke-dasharray": "none"
      }
    },
    {
      "type": "Feature",
      "geometry": {
        "type": "LineString",
        "coordinates": [
          [
            81.7226615,
            28.5313815
          ],
          [
            81.66876099999999,
            28.573520000000002
          ]
        ]
      },
      "properties": {
        "edgeType": "intra-road",
        "roadCode": "NH01",
        "fromNode": "NH01_chain_63",
        "toNode": "NH01_chain_64",
        "distanceKm": 5.08,
        "weight": 10.16,
        "stroke": "#FF0000",
        "stroke-width": 3,
        "stroke-dasharray": "none"
      }
    },
    {
      "type": "Feature",
      "geometry": {
        "type": "LineString",
        "coordinates": [
          [
            81.66876099999999,
            28.573520000000002
          ],
          [
            81.64377350000001,
            28.512663
          ]
        ]
      },
      "properties": {
        "edgeType": "intra-road",
        "roadCode": "NH01",
        "fromNode": "NH01_chain_64",
        "toNode": "NH01_chain_65",
        "distanceKm": 7.33,
        "weight": 14.66,
        "stroke": "#FF0000",
        "stroke-width": 3,
        "stroke-dasharray": "none"
      }
    },
    {
      "type": "Feature",
      "geometry": {
        "type": "LineString",
        "coordinates": [
          [
            81.64377350000001,
            28.512663
          ],
          [
            81.637279,
            28.5780155
          ]
        ]
      },
      "properties": {
        "edgeType": "intra-road",
        "roadCode": "NH01",
        "fromNode": "NH01_chain_65",
        "toNode": "NH01_chain_66",
        "distanceKm": 7.18,
        "weight": 14.37,
        "stroke": "#FF0000",
        "stroke-width": 3,
        "stroke-dasharray": "none"
      }
    },
    {
      "type": "Feature",
      "geometry": {
        "type": "LineString",
        "coordinates": [
          [
            81.637279,
            28.5780155
          ],
          [
            82.258169,
            28.1308365
          ]
        ]
      },
      "properties": {
        "edgeType": "intra-road",
        "roadCode": "NH01",
        "fromNode": "NH01_chain_66",
        "toNode": "NH01_chain_67",
        "distanceKm": 79.15,
        "weight": 158.3,
        "stroke": "#FF0000",
        "stroke-width": 3,
        "stroke-dasharray": "none"
      }
    },
    {
      "type": "Feature",
      "geometry": {
        "type": "LineString",
        "coordinates": [
          [
            82.258169,
            28.1308365
          ],
          [
            82.21905,
            28.156698
          ]
        ]
      },
      "properties": {
        "edgeType": "intra-road",
        "roadCode": "NH01",
        "fromNode": "NH01_chain_67",
        "toNode": "NH01_chain_68",
        "distanceKm": 4.05,
        "weight": 4.05,
        "stroke": "#FF0000",
        "stroke-width": 3,
        "stroke-dasharray": "none"
      }
    },
    {
      "type": "Feature",
      "geometry": {
        "type": "LineString",
        "coordinates": [
          [
            82.21905,
            28.156698
          ],
          [
            82.19253499999999,
            28.172258499999998
          ]
        ]
      },
      "properties": {
        "edgeType": "intra-road",
        "roadCode": "NH01",
        "fromNode": "NH01_chain_68",
        "toNode": "NH01_chain_69",
        "distanceKm": 2.93,
        "weight": 2.93,
        "stroke": "#FF0000",
        "stroke-width": 3,
        "stroke-dasharray": "none"
      }
    },
    {
      "type": "Feature",
      "geometry": {
        "type": "LineString",
        "coordinates": [
          [
            82.19253499999999,
            28.172258499999998
          ],
          [
            82.7768365,
            27.845748
          ]
        ]
      },
      "properties": {
        "edgeType": "intra-road",
        "roadCode": "NH01",
        "fromNode": "NH01_chain_69",
        "toNode": "NH01_chain_70",
        "distanceKm": 67.97,
        "weight": 148.36,
        "stroke": "#FF0000",
        "stroke-width": 3,
        "stroke-dasharray": "none"
      }
    },
    {
      "type": "Feature",
      "geometry": {
        "type": "LineString",
        "coordinates": [
          [
            82.7768365,
            27.845748
          ],
          [
            82.4855185,
            28.0498555
          ]
        ]
      },
      "properties": {
        "edgeType": "intra-road",
        "roadCode": "NH01",
        "fromNode": "NH01_chain_70",
        "toNode": "NH01_chain_71",
        "distanceKm": 36.39,
        "weight": 76.91,
        "stroke": "#FF0000",
        "stroke-width": 3,
        "stroke-dasharray": "none"
      }
    },
    {
      "type": "Feature",
      "geometry": {
        "type": "LineString",
        "coordinates": [
          [
            82.4855185,
            28.0498555
          ],
          [
            82.328836,
            27.924619
          ]
        ]
      },
      "properties": {
        "edgeType": "intra-road",
        "roadCode": "NH01",
        "fromNode": "NH01_chain_71",
        "toNode": "NH01_chain_72",
        "distanceKm": 20.84,
        "weight": 44.14,
        "stroke": "#FF0000",
        "stroke-width": 3,
        "stroke-dasharray": "none"
      }
    },
    {
      "type": "Feature",
      "geometry": {
        "type": "LineString",
        "coordinates": [
          [
            82.328836,
            27.924619
          ],
          [
            82.364694,
            28.091914000000003
          ]
        ]
      },
      "properties": {
        "edgeType": "intra-road",
        "roadCode": "NH01",
        "fromNode": "NH01_chain_72",
        "toNode": "NH01_chain_73",
        "distanceKm": 18.77,
        "weight": 37.54,
        "stroke": "#FF0000",
        "stroke-width": 3,
        "stroke-dasharray": "none"
      }
    },
    {
      "type": "Feature",
      "geometry": {
        "type": "LineString",
        "coordinates": [
          [
            82.364694,
            28.091914000000003
          ],
          [
            82.3348465,
            28.116239
          ]
        ]
      },
      "properties": {
        "edgeType": "intra-road",
        "roadCode": "NH01",
        "fromNode": "NH01_chain_73",
        "toNode": "NH01_chain_74",
        "distanceKm": 2.12,
        "weight": 2.12,
        "stroke": "#FF0000",
        "stroke-width": 3,
        "stroke-dasharray": "none"
      }
    },
    {
      "type": "Feature",
      "geometry": {
        "type": "LineString",
        "coordinates": [
          [
            82.3348465,
            28.116239
          ],
          [
            82.3170825,
            28.106167
          ]
        ]
      },
      "properties": {
        "edgeType": "intra-road",
        "roadCode": "NH01",
        "fromNode": "NH01_chain_74",
        "toNode": "NH01_chain_75",
        "distanceKm": 2.11,
        "weight": 2.11,
        "stroke": "#FF0000",
        "stroke-width": 3,
        "stroke-dasharray": "none"
      }
    },
    {
      "type": "Feature",
      "geometry": {
        "type": "LineString",
        "coordinates": [
          [
            82.3170825,
            28.106167
          ],
          [
            82.289803,
            28.1278255
          ]
        ]
      },
      "properties": {
        "edgeType": "intra-road",
        "roadCode": "NH01",
        "fromNode": "NH01_chain_75",
        "toNode": "NH01_chain_76",
        "distanceKm": 3.37,
        "weight": 3.56,
        "stroke": "#FF0000",
        "stroke-width": 3,
        "stroke-dasharray": "none"
      }
    },
    {
      "type": "Feature",
      "geometry": {
        "type": "LineString",
        "coordinates": [
          [
            82.289803,
            28.1278255
          ],
          [
            82.178095,
            28.367523499999997
          ]
        ]
      },
      "properties": {
        "edgeType": "intra-road",
        "roadCode": "NH01",
        "fromNode": "NH01_chain_76",
        "toNode": "NH01_chain_77",
        "distanceKm": 29.18,
        "weight": 60.48,
        "stroke": "#FF0000",
        "stroke-width": 3,
        "stroke-dasharray": "none"
      }
    },
    {
      "type": "Feature",
      "geometry": {
        "type": "LineString",
        "coordinates": [
          [
            82.178095,
            28.367523499999997
          ],
          [
            82.0558625,
            28.277472000000003
          ]
        ]
      },
      "properties": {
        "edgeType": "intra-road",
        "roadCode": "NH01",
        "fromNode": "NH01_chain_77",
        "toNode": "NH01_chain_78",
        "distanceKm": 15.63,
        "weight": 31.27,
        "stroke": "#FF0000",
        "stroke-width": 3,
        "stroke-dasharray": "none"
      }
    },
    {
      "type": "Feature",
      "geometry": {
        "type": "LineString",
        "coordinates": [
          [
            82.0558625,
            28.277472000000003
          ],
          [
            82.01155700000001,
            28.314535
          ]
        ]
      },
      "properties": {
        "edgeType": "intra-road",
        "roadCode": "NH01",
        "fromNode": "NH01_chain_78",
        "toNode": "NH01_chain_79",
        "distanceKm": 4.32,
        "weight": 4.32,
        "stroke": "#FF0000",
        "stroke-width": 3,
        "stroke-dasharray": "none"
      }
    },
    {
      "type": "Feature",
      "geometry": {
        "type": "LineString",
        "coordinates": [
          [
            82.01155700000001,
            28.314535
          ],
          [
            81.994085,
            28.3239595
          ]
        ]
      },
      "properties": {
        "edgeType": "intra-road",
        "roadCode": "NH01",
        "fromNode": "NH01_chain_79",
        "toNode": "NH01_chain_80",
        "distanceKm": 2.22,
        "weight": 2.24,
        "stroke": "#FF0000",
        "stroke-width": 3,
        "stroke-dasharray": "none"
      }
    },
    {
      "type": "Feature",
      "geometry": {
        "type": "LineString",
        "coordinates": [
          [
            81.994085,
            28.3239595
          ],
          [
            82.30276,
            28.461188
          ]
        ]
      },
      "properties": {
        "edgeType": "intra-road",
        "roadCode": "NH01",
        "fromNode": "NH01_chain_80",
        "toNode": "NH01_chain_81",
        "distanceKm": 34.19,
        "weight": 72.2,
        "stroke": "#FF0000",
        "stroke-width": 3,
        "stroke-dasharray": "none"
      }
    },
    {
      "type": "Feature",
      "geometry": {
        "type": "LineString",
        "coordinates": [
          [
            82.30276,
            28.461188
          ],
          [
            81.5574775,
            28.809203500000002
          ]
        ]
      },
      "properties": {
        "edgeType": "intra-road",
        "roadCode": "NH01",
        "fromNode": "NH01_chain_81",
        "toNode": "NH01_chain_82",
        "distanceKm": 82.27,
        "weight": 171.27,
        "stroke": "#FF0000",
        "stroke-width": 3,
        "stroke-dasharray": "none"
      }
    },
    {
      "type": "Feature",
      "geometry": {
        "type": "LineString",
        "coordinates": [
          [
            81.5574775,
            28.809203500000002
          ],
          [
            81.400466,
            28.7834195
          ]
        ]
      },
      "properties": {
        "edgeType": "intra-road",
        "roadCode": "NH01",
        "fromNode": "NH01_chain_82",
        "toNode": "NH01_chain_83",
        "distanceKm": 15.77,
        "weight": 31.55,
        "stroke": "#FF0000",
        "stroke-width": 3,
        "stroke-dasharray": "none"
      }
    },
    {
      "type": "Feature",
      "geometry": {
        "type": "LineString",
        "coordinates": [
          [
            81.400466,
            28.7834195
          ],
          [
            80.45296,
            28.6527985
          ]
        ]
      },
      "properties": {
        "edgeType": "intra-road",
        "roadCode": "NH01",
        "fromNode": "NH01_chain_83",
        "toNode": "NH01_chain_84",
        "distanceKm": 93.25,
        "weight": 186.5,
        "stroke": "#FF0000",
        "stroke-width": 3,
        "stroke-dasharray": "none"
      }
    },
    {
      "type": "Feature",
      "geometry": {
        "type": "LineString",
        "coordinates": [
          [
            80.45296,
            28.6527985
          ],
          [
            80.2135,
            28.9205405
          ]
        ]
      },
      "properties": {
        "edgeType": "intra-road",
        "roadCode": "NH01",
        "fromNode": "NH01_chain_84",
        "toNode": "NH01_chain_85",
        "distanceKm": 37.68,
        "weight": 75.36,
        "stroke": "#FF0000",
        "stroke-width": 3,
        "stroke-dasharray": "none"
      }
    },
    {
      "type": "Feature",
      "geometry": {
        "type": "Point",
        "coordinates": [
          87.3761155,
          26.663514499999998
        ]
      },
      "properties": {
        "type": "chain-node",
        "nodeId": "NH01_chain_4",
        "roadCode": "NH01",
        "startPlace": "Itahari-wp4",
        "endPlace": "Itahari-wp4",
        "bearingDeg": 267,
        "marker-color": "#FF0000",
        "marker-size": "small"
      }
    },
    {
      "type": "Feature",
      "geometry": {
        "type": "Point",
        "coordinates": [
          87.2692855,
          26.6674815
        ]
      },
      "properties": {
        "type": "chain-node",
        "nodeId": "NH01_chain_5",
        "roadCode": "NH01",
        "startPlace": "Itahari",
        "endPlace": "Itahari",
        "bearingDeg": 239,
        "marker-color": "#FF0000",
        "marker-size": "small"
      }
    },
    {
      "type": "Feature",
      "geometry": {
        "type": "Point",
        "coordinates": [
          87.264343,
          26.470498499999998
        ]
      },
      "properties": {
        "type": "chain-node",
        "nodeId": "NH01_chain_6",
        "roadCode": "NH01",
        "startPlace": "Biratnagar",
        "endPlace": "Biratnagar",
        "bearingDeg": 303,
        "marker-color": "#FF0000",
        "marker-size": "small"
      }
    },
    {
      "type": "Feature",
      "geometry": {
        "type": "Point",
        "coordinates": [
          87.243069,
          26.518445
        ]
      },
      "properties": {
        "type": "chain-node",
        "nodeId": "NH01_chain_7",
        "roadCode": "NH01",
        "startPlace": "Biratnagar-wp6",
        "endPlace": "Biratnagar-wp6",
        "bearingDeg": 0,
        "marker-color": "#FF0000",
        "marker-size": "small"
      }
    },
    {
      "type": "Feature",
      "geometry": {
        "type": "Point",
        "coordinates": [
          87.23897249999999,
          26.4811455
        ]
      },
      "properties": {
        "type": "chain-node",
        "nodeId": "NH01_chain_8",
        "roadCode": "NH01",
        "startPlace": "Biratnagar",
        "endPlace": "Biratnagar-wp6",
        "bearingDeg": 268,
        "marker-color": "#FF0000",
        "marker-size": "small"
      }
    },
    {
      "type": "Feature",
      "geometry": {
        "type": "Point",
        "coordinates": [
          87.071426,
          26.622142500000002
        ]
      },
      "properties": {
        "type": "chain-node",
        "nodeId": "NH01_chain_9",
        "roadCode": "NH01",
        "startPlace": "Rani (Koshi Barrage)",
        "endPlace": "Rani (Koshi Barrage)",
        "bearingDeg": 268,
        "marker-color": "#FF0000",
        "marker-size": "small"
      }
    },
    {
      "type": "Feature",
      "geometry": {
        "type": "Point",
        "coordinates": [
          87.187164,
          26.604577
        ]
      },
      "properties": {
        "type": "chain-node",
        "nodeId": "NH01_chain_10",
        "roadCode": "NH01",
        "startPlace": "Inaruwa",
        "endPlace": "Inaruwa",
        "bearingDeg": 0,
        "marker-color": "#FF0000",
        "marker-size": "small"
      }
    },
    {
      "type": "Feature",
      "geometry": {
        "type": "Point",
        "coordinates": [
          87.12091000000001,
          26.609753
        ]
      },
      "properties": {
        "type": "chain-node",
        "nodeId": "NH01_chain_11",
        "roadCode": "NH01",
        "startPlace": "Inaruwa",
        "endPlace": "Sunsari-wp9",
        "bearingDeg": 283,
        "marker-color": "#FF0000",
        "marker-size": "small"
      }
    },
    {
      "type": "Feature",
      "geometry": {
        "type": "Point",
        "coordinates": [
          87.08084,
          26.600096999999998
        ]
      },
      "properties": {
        "type": "chain-node",
        "nodeId": "NH01_chain_12",
        "roadCode": "NH01",
        "startPlace": "Sunsari",
        "endPlace": "Sunsari",
        "bearingDeg": 91,
        "marker-color": "#FF0000",
        "marker-size": "small"
      }
    },
    {
      "type": "Feature",
      "geometry": {
        "type": "Point",
        "coordinates": [
          86.770791,
          26.529370999999998
        ]
      },
      "properties": {
        "type": "chain-node",
        "nodeId": "NH01_chain_13",
        "roadCode": "NH01",
        "startPlace": "Rajbiraj",
        "endPlace": "Rajbiraj",
        "bearingDeg": 258,
        "marker-color": "#FF0000",
        "marker-size": "small"
      }
    },
    {
      "type": "Feature",
      "geometry": {
        "type": "Point",
        "coordinates": [
          86.68776349999999,
          26.555467
        ]
      },
      "properties": {
        "type": "chain-node",
        "nodeId": "NH01_chain_14",
        "roadCode": "NH01",
        "startPlace": "Rajbiraj-wp11",
        "endPlace": "Rajbiraj-wp11",
        "bearingDeg": 299,
        "marker-color": "#FF0000",
        "marker-size": "small"
      }
    },
    {
      "type": "Feature",
      "geometry": {
        "type": "Point",
        "coordinates": [
          86.495919,
          26.708689
        ]
      },
      "properties": {
        "type": "chain-node",
        "nodeId": "NH01_chain_15",
        "roadCode": "NH01",
        "startPlace": "Lahan",
        "endPlace": "Lahan",
        "bearingDeg": 314,
        "marker-color": "#FF0000",
        "marker-size": "small"
      }
    },
    {
      "type": "Feature",
      "geometry": {
        "type": "Point",
        "coordinates": [
          86.21903549999999,
          26.651542
        ]
      },
      "properties": {
        "type": "chain-node",
        "nodeId": "NH01_chain_16",
        "roadCode": "NH01",
        "startPlace": "Siraha",
        "endPlace": "Siraha",
        "bearingDeg": 286,
        "marker-color": "#FF0000",
        "marker-size": "small"
      }
    },
    {
      "type": "Feature",
      "geometry": {
        "type": "Point",
        "coordinates": [
          86.0495875,
          26.6906885
        ]
      },
      "properties": {
        "type": "chain-node",
        "nodeId": "NH01_chain_17",
        "roadCode": "NH01",
        "startPlace": "Mirchaiya-wp15",
        "endPlace": "Mirchaiya-wp15",
        "bearingDeg": 101,
        "marker-color": "#FF0000",
        "marker-size": "small"
      }
    },
    {
      "type": "Feature",
      "geometry": {
        "type": "Point",
        "coordinates": [
          85.977041,
          26.778444999999998
        ]
      },
      "properties": {
        "type": "chain-node",
        "nodeId": "NH01_chain_18",
        "roadCode": "NH01",
        "startPlace": "Mirchaiya-wp15",
        "endPlace": "Mirchaiya-wp15",
        "bearingDeg": 248,
        "marker-color": "#FF0000",
        "marker-size": "small"
      }
    },
    {
      "type": "Feature",
      "geometry": {
        "type": "Point",
        "coordinates": [
          85.8430575,
          26.894015500000002
        ]
      },
      "properties": {
        "type": "chain-node",
        "nodeId": "NH01_chain_19",
        "roadCode": "NH01",
        "startPlace": "Bardibas (Mahottari)",
        "endPlace": "Bardibas (Mahottari)",
        "bearingDeg": 119,
        "marker-color": "#FF0000",
        "marker-size": "small"
      }
    },
    {
      "type": "Feature",
      "geometry": {
        "type": "Point",
        "coordinates": [
          85.8284015,
          26.810582
        ]
      },
      "properties": {
        "type": "chain-node",
        "nodeId": "NH01_chain_20",
        "roadCode": "NH01",
        "startPlace": "Bardibas (Mahottari)-wp16",
        "endPlace": "Bardibas (Mahottari)-wp16",
        "bearingDeg": 130,
        "marker-color": "#FF0000",
        "marker-size": "small"
      }
    },
    {
      "type": "Feature",
      "geometry": {
        "type": "Point",
        "coordinates": [
          85.79047249999999,
          26.660795999999998
        ]
      },
      "properties": {
        "type": "chain-node",
        "nodeId": "NH01_chain_21",
        "roadCode": "NH01",
        "startPlace": "Jaleshwar",
        "endPlace": "Jaleshwar",
        "bearingDeg": 327,
        "marker-color": "#FF0000",
        "marker-size": "small"
      }
    },
    {
      "type": "Feature",
      "geometry": {
        "type": "Point",
        "coordinates": [
          85.459065,
          26.904901
        ]
      },
      "properties": {
        "type": "chain-node",
        "nodeId": "NH01_chain_22",
        "roadCode": "NH01",
        "startPlace": "Malangwa-wp18",
        "endPlace": "Malangwa-wp18",
        "bearingDeg": 0,
        "marker-color": "#FF0000",
        "marker-size": "small"
      }
    },
    {
      "type": "Feature",
      "geometry": {
        "type": "Point",
        "coordinates": [
          85.4236635,
          26.9189795
        ]
      },
      "properties": {
        "type": "chain-node",
        "nodeId": "NH01_chain_23",
        "roadCode": "NH01",
        "startPlace": "Chandranigahapur-wp19",
        "endPlace": "Chandranigahapur-wp19",
        "bearingDeg": 270,
        "marker-color": "#FF0000",
        "marker-size": "small"
      }
    },
    {
      "type": "Feature",
      "geometry": {
        "type": "Point",
        "coordinates": [
          85.3432885,
          26.9468125
        ]
      },
      "properties": {
        "type": "chain-node",
        "nodeId": "NH01_chain_24",
        "roadCode": "NH01",
        "startPlace": "Chandranigahapur",
        "endPlace": "Chandranigahapur",
        "bearingDeg": 93,
        "marker-color": "#FF0000",
        "marker-size": "small"
      }
    },
    {
      "type": "Feature",
      "geometry": {
        "type": "Point",
        "coordinates": [
          85.3255065,
          26.9331
        ]
      },
      "properties": {
        "type": "chain-node",
        "nodeId": "NH01_chain_25",
        "roadCode": "NH01",
        "startPlace": "Chandranigahapur",
        "endPlace": "Chandranigahapur",
        "bearingDeg": 284,
        "marker-color": "#FF0000",
        "marker-size": "small"
      }
    },
    {
      "type": "Feature",
      "geometry": {
        "type": "Point",
        "coordinates": [
          85.26820000000001,
          26.765867
        ]
      },
      "properties": {
        "type": "chain-node",
        "nodeId": "NH01_chain_26",
        "roadCode": "NH01",
        "startPlace": "Gaur",
        "endPlace": "Gaur",
        "bearingDeg": 268,
        "marker-color": "#FF0000",
        "marker-size": "small"
      }
    },
    {
      "type": "Feature",
      "geometry": {
        "type": "Point",
        "coordinates": [
          85.23895949999999,
          26.8222155
        ]
      },
      "properties": {
        "type": "chain-node",
        "nodeId": "NH01_chain_27",
        "roadCode": "NH01",
        "startPlace": "Gaur-wp20",
        "endPlace": "Gaur-wp20",
        "bearingDeg": 152,
        "marker-color": "#FF0000",
        "marker-size": "small"
      }
    },
    {
      "type": "Feature",
      "geometry": {
        "type": "Point",
        "coordinates": [
          85.220388,
          26.8568805
        ]
      },
      "properties": {
        "type": "chain-node",
        "nodeId": "NH01_chain_28",
        "roadCode": "NH01",
        "startPlace": "Gaur-wp20",
        "endPlace": "Gaur-wp20",
        "bearingDeg": 225,
        "marker-color": "#FF0000",
        "marker-size": "small"
      }
    },
    {
      "type": "Feature",
      "geometry": {
        "type": "Point",
        "coordinates": [
          85.21589399999999,
          26.8741585
        ]
      },
      "properties": {
        "type": "chain-node",
        "nodeId": "NH01_chain_29",
        "roadCode": "NH01",
        "startPlace": "Gaur-wp20",
        "endPlace": "Gaur-wp20",
        "bearingDeg": 312,
        "marker-color": "#FF0000",
        "marker-size": "small"
      }
    },
    {
      "type": "Feature",
      "geometry": {
        "type": "Point",
        "coordinates": [
          84.88656,
          27.003692
        ]
      },
      "properties": {
        "type": "chain-node",
        "nodeId": "NH01_chain_30",
        "roadCode": "NH01",
        "startPlace": "Birgunj (Raxaul border)",
        "endPlace": "Birgunj (Raxaul border)",
        "bearingDeg": 232,
        "marker-color": "#FF0000",
        "marker-size": "small"
      }
    },
    {
      "type": "Feature",
      "geometry": {
        "type": "Point",
        "coordinates": [
          84.8743355,
          27.0129655
        ]
      },
      "properties": {
        "type": "chain-node",
        "nodeId": "NH01_chain_31",
        "roadCode": "NH01",
        "startPlace": "Birgunj (Raxaul border)",
        "endPlace": "Birgunj (Raxaul border)",
        "bearingDeg": 207,
        "marker-color": "#FF0000",
        "marker-size": "small"
      }
    },
    {
      "type": "Feature",
      "geometry": {
        "type": "Point",
        "coordinates": [
          85.028491,
          27.412959999999998
        ]
      },
      "properties": {
        "type": "chain-node",
        "nodeId": "NH01_chain_32",
        "roadCode": "NH01",
        "startPlace": "Hetauda",
        "endPlace": "Hetauda",
        "bearingDeg": 197,
        "marker-color": "#FF0000",
        "marker-size": "small"
      }
    },
    {
      "type": "Feature",
      "geometry": {
        "type": "Point",
        "coordinates": [
          85.026621,
          27.430162
        ]
      },
      "properties": {
        "type": "chain-node",
        "nodeId": "NH01_chain_33",
        "roadCode": "NH01",
        "startPlace": "Hetauda",
        "endPlace": "Hetauda",
        "bearingDeg": 209,
        "marker-color": "#FF0000",
        "marker-size": "small"
      }
    },
    {
      "type": "Feature",
      "geometry": {
        "type": "Point",
        "coordinates": [
          85.02314150000001,
          27.402188000000002
        ]
      },
      "properties": {
        "type": "chain-node",
        "nodeId": "NH01_chain_34",
        "roadCode": "NH01",
        "startPlace": "Hetauda",
        "endPlace": "Hetauda",
        "bearingDeg": 207,
        "marker-color": "#FF0000",
        "marker-size": "small"
      }
    },
    {
      "type": "Feature",
      "geometry": {
        "type": "Point",
        "coordinates": [
          85.0313265,
          27.4312995
        ]
      },
      "properties": {
        "type": "chain-node",
        "nodeId": "NH01_chain_35",
        "roadCode": "NH01",
        "startPlace": "Hetauda",
        "endPlace": "Hetauda",
        "bearingDeg": 108,
        "marker-color": "#FF0000",
        "marker-size": "small"
      }
    },
    {
      "type": "Feature",
      "geometry": {
        "type": "Point",
        "coordinates": [
          85.02305050000001,
          27.40783
        ]
      },
      "properties": {
        "type": "chain-node",
        "nodeId": "NH01_chain_36",
        "roadCode": "NH01",
        "startPlace": "Hetauda",
        "endPlace": "Hetauda",
        "bearingDeg": 74,
        "marker-color": "#FF0000",
        "marker-size": "small"
      }
    },
    {
      "type": "Feature",
      "geometry": {
        "type": "Point",
        "coordinates": [
          85.016271,
          27.377319
        ]
      },
      "properties": {
        "type": "chain-node",
        "nodeId": "NH01_chain_37",
        "roadCode": "NH01",
        "startPlace": "Hetauda-wp23",
        "endPlace": "Hetauda-wp23",
        "bearingDeg": 260,
        "marker-color": "#FF0000",
        "marker-size": "small"
      }
    },
    {
      "type": "Feature",
      "geometry": {
        "type": "Point",
        "coordinates": [
          85.0158,
          27.431681
        ]
      },
      "properties": {
        "type": "chain-node",
        "nodeId": "NH01_chain_38",
        "roadCode": "NH01",
        "startPlace": "Hetauda",
        "endPlace": "Hetauda",
        "bearingDeg": 271,
        "marker-color": "#FF0000",
        "marker-size": "small"
      }
    },
    {
      "type": "Feature",
      "geometry": {
        "type": "Point",
        "coordinates": [
          84.994716,
          27.3359245
        ]
      },
      "properties": {
        "type": "chain-node",
        "nodeId": "NH01_chain_39",
        "roadCode": "NH01",
        "startPlace": "Hetauda-wp23",
        "endPlace": "Hetauda-wp23",
        "bearingDeg": 160,
        "marker-color": "#FF0000",
        "marker-size": "small"
      }
    },
    {
      "type": "Feature",
      "geometry": {
        "type": "Point",
        "coordinates": [
          84.991235,
          27.445361499999997
        ]
      },
      "properties": {
        "type": "chain-node",
        "nodeId": "NH01_chain_40",
        "roadCode": "NH01",
        "startPlace": "Hetauda",
        "endPlace": "Hetauda",
        "bearingDeg": 284,
        "marker-color": "#FF0000",
        "marker-size": "small"
      }
    },
    {
      "type": "Feature",
      "geometry": {
        "type": "Point",
        "coordinates": [
          84.9747385,
          27.451696
        ]
      },
      "properties": {
        "type": "chain-node",
        "nodeId": "NH01_chain_41",
        "roadCode": "NH01",
        "startPlace": "Hetauda-wp23",
        "endPlace": "Hetauda-wp23",
        "bearingDeg": 119,
        "marker-color": "#FF0000",
        "marker-size": "small"
      }
    },
    {
      "type": "Feature",
      "geometry": {
        "type": "Point",
        "coordinates": [
          84.820082,
          27.518856
        ]
      },
      "properties": {
        "type": "chain-node",
        "nodeId": "NH01_chain_42",
        "roadCode": "NH01",
        "startPlace": "Hetauda-wp23",
        "endPlace": "Hetauda-wp23",
        "bearingDeg": 128,
        "marker-color": "#FF0000",
        "marker-size": "small"
      }
    },
    {
      "type": "Feature",
      "geometry": {
        "type": "Point",
        "coordinates": [
          84.7423545,
          27.5523235
        ]
      },
      "properties": {
        "type": "chain-node",
        "nodeId": "NH01_chain_43",
        "roadCode": "NH01",
        "startPlace": "Mugling-wp25",
        "endPlace": "Mugling-wp25",
        "bearingDeg": 125,
        "marker-color": "#FF0000",
        "marker-size": "small"
      }
    },
    {
      "type": "Feature",
      "geometry": {
        "type": "Point",
        "coordinates": [
          84.614506,
          27.609192
        ]
      },
      "properties": {
        "type": "chain-node",
        "nodeId": "NH01_chain_44",
        "roadCode": "NH01",
        "startPlace": "Chitwan (Bharatpur)-wp24",
        "endPlace": "Chitwan (Bharatpur)-wp24",
        "bearingDeg": 293,
        "marker-color": "#FF0000",
        "marker-size": "small"
      }
    },
    {
      "type": "Feature",
      "geometry": {
        "type": "Point",
        "coordinates": [
          84.225492,
          27.684065
        ]
      },
      "properties": {
        "type": "chain-node",
        "nodeId": "NH01_chain_45",
        "roadCode": "NH01",
        "startPlace": "Kawasoti",
        "endPlace": "Kawasoti",
        "bearingDeg": 319,
        "marker-color": "#FF0000",
        "marker-size": "small"
      }
    },
    {
      "type": "Feature",
      "geometry": {
        "type": "Point",
        "coordinates": [
          83.51582099999999,
          27.6247105
        ]
      },
      "properties": {
        "type": "chain-node",
        "nodeId": "NH01_chain_46",
        "roadCode": "NH01",
        "startPlace": "Butwal-wp31",
        "endPlace": "Butwal-wp31",
        "bearingDeg": 269,
        "marker-color": "#FF0000",
        "marker-size": "small"
      }
    },
    {
      "type": "Feature",
      "geometry": {
        "type": "Point",
        "coordinates": [
          83.465846,
          27.65103
        ]
      },
      "properties": {
        "type": "chain-node",
        "nodeId": "NH01_chain_47",
        "roadCode": "NH01",
        "startPlace": "Butwal-wp31",
        "endPlace": "Butwal-wp31",
        "bearingDeg": 214,
        "marker-color": "#FF0000",
        "marker-size": "small"
      }
    },
    {
      "type": "Feature",
      "geometry": {
        "type": "Point",
        "coordinates": [
          83.433299,
          27.657732000000003
        ]
      },
      "properties": {
        "type": "chain-node",
        "nodeId": "NH01_chain_48",
        "roadCode": "NH01",
        "startPlace": "Butwal",
        "endPlace": "Butwal-wp31",
        "bearingDeg": 244,
        "marker-color": "#FF0000",
        "marker-size": "small"
      }
    },
    {
      "type": "Feature",
      "geometry": {
        "type": "Point",
        "coordinates": [
          83.3842325,
          27.508922
        ]
      },
      "properties": {
        "type": "chain-node",
        "nodeId": "NH01_chain_49",
        "roadCode": "NH01",
        "startPlace": "Sunauli (Bhairahawa border)",
        "endPlace": "Sunauli (Bhairahawa border)",
        "bearingDeg": 233,
        "marker-color": "#FF0000",
        "marker-size": "small"
      }
    },
    {
      "type": "Feature",
      "geometry": {
        "type": "Point",
        "coordinates": [
          83.4190445,
          27.623406
        ]
      },
      "properties": {
        "type": "chain-node",
        "nodeId": "NH01_chain_50",
        "roadCode": "NH01",
        "startPlace": "Belhiya-wp33",
        "endPlace": "Belhiya-wp33",
        "bearingDeg": 281,
        "marker-color": "#FF0000",
        "marker-size": "small"
      }
    },
    {
      "type": "Feature",
      "geometry": {
        "type": "Point",
        "coordinates": [
          83.4108595,
          27.5961765
        ]
      },
      "properties": {
        "type": "chain-node",
        "nodeId": "NH01_chain_51",
        "roadCode": "NH01",
        "startPlace": "Belhiya-wp33",
        "endPlace": "Belhiya-wp33",
        "bearingDeg": 294,
        "marker-color": "#FF0000",
        "marker-size": "small"
      }
    },
    {
      "type": "Feature",
      "geometry": {
        "type": "Point",
        "coordinates": [
          83.6122365,
          27.567802
        ]
      },
      "properties": {
        "type": "chain-node",
        "nodeId": "NH01_chain_52",
        "roadCode": "NH01",
        "startPlace": "Rupandehi (Parasi)",
        "endPlace": "Rupandehi (Parasi)",
        "bearingDeg": 123,
        "marker-color": "#FF0000",
        "marker-size": "small"
      }
    },
    {
      "type": "Feature",
      "geometry": {
        "type": "Point",
        "coordinates": [
          83.58725899999999,
          27.580357
        ]
      },
      "properties": {
        "type": "chain-node",
        "nodeId": "NH01_chain_53",
        "roadCode": "NH01",
        "startPlace": "Rupandehi (Parasi)-wp35",
        "endPlace": "Rupandehi (Parasi)-wp35",
        "bearingDeg": 19,
        "marker-color": "#FF0000",
        "marker-size": "small"
      }
    },
    {
      "type": "Feature",
      "geometry": {
        "type": "Point",
        "coordinates": [
          83.56662349999999,
          27.592295
        ]
      },
      "properties": {
        "type": "chain-node",
        "nodeId": "NH01_chain_54",
        "roadCode": "NH01",
        "startPlace": "Rupandehi (Parasi)-wp35",
        "endPlace": "Rupandehi (Parasi)-wp35",
        "bearingDeg": 165,
        "marker-color": "#FF0000",
        "marker-size": "small"
      }
    },
    {
      "type": "Feature",
      "geometry": {
        "type": "Point",
        "coordinates": [
          83.52770749999999,
          27.6128135
        ]
      },
      "properties": {
        "type": "chain-node",
        "nodeId": "NH01_chain_55",
        "roadCode": "NH01",
        "startPlace": "Rupandehi (Parasi)-wp35",
        "endPlace": "Butwal-wp31",
        "bearingDeg": 284,
        "marker-color": "#FF0000",
        "marker-size": "small"
      }
    },
    {
      "type": "Feature",
      "geometry": {
        "type": "Point",
        "coordinates": [
          83.77344550000001,
          27.554926000000002
        ]
      },
      "properties": {
        "type": "chain-node",
        "nodeId": "NH01_chain_56",
        "roadCode": "NH01",
        "startPlace": "Bardaghat",
        "endPlace": "Bardaghat",
        "bearingDeg": 205,
        "marker-color": "#FF0000",
        "marker-size": "small"
      }
    },
    {
      "type": "Feature",
      "geometry": {
        "type": "Point",
        "coordinates": [
          83.748531,
          27.5490125
        ]
      },
      "properties": {
        "type": "chain-node",
        "nodeId": "NH01_chain_57",
        "roadCode": "NH01",
        "startPlace": "Bardaghat",
        "endPlace": "Bardaghat",
        "bearingDeg": 324,
        "marker-color": "#FF0000",
        "marker-size": "small"
      }
    },
    {
      "type": "Feature",
      "geometry": {
        "type": "Point",
        "coordinates": [
          83.86838700000001,
          27.5795755
        ]
      },
      "properties": {
        "type": "chain-node",
        "nodeId": "NH01_chain_58",
        "roadCode": "NH01",
        "startPlace": "Dumkibas",
        "endPlace": "Dumkibas",
        "bearingDeg": 290,
        "marker-color": "#FF0000",
        "marker-size": "small"
      }
    },
    {
      "type": "Feature",
      "geometry": {
        "type": "Point",
        "coordinates": [
          83.66749150000001,
          27.5336845
        ]
      },
      "properties": {
        "type": "chain-node",
        "nodeId": "NH01_chain_59",
        "roadCode": "NH01",
        "startPlace": "Nawalparasi (Ramgram)",
        "endPlace": "Nawalparasi (Ramgram)",
        "bearingDeg": 314,
        "marker-color": "#FF0000",
        "marker-size": "small"
      }
    },
    {
      "type": "Feature",
      "geometry": {
        "type": "Point",
        "coordinates": [
          83.641884,
          27.545806499999998
        ]
      },
      "properties": {
        "type": "chain-node",
        "nodeId": "NH01_chain_60",
        "roadCode": "NH01",
        "startPlace": "Rupandehi (Parasi)",
        "endPlace": "Nawalparasi (Ramgram)",
        "bearingDeg": 113,
        "marker-color": "#FF0000",
        "marker-size": "small"
      }
    },
    {
      "type": "Feature",
      "geometry": {
        "type": "Point",
        "coordinates": [
          81.624687,
          28.053066
        ]
      },
      "properties": {
        "type": "chain-node",
        "nodeId": "NH01_chain_61",
        "roadCode": "NH01",
        "startPlace": "Banke (Nepalgunj)",
        "endPlace": "Banke (Nepalgunj)",
        "bearingDeg": 236,
        "marker-color": "#FF0000",
        "marker-size": "small"
      }
    },
    {
      "type": "Feature",
      "geometry": {
        "type": "Point",
        "coordinates": [
          81.6870455,
          28.199075
        ]
      },
      "properties": {
        "type": "chain-node",
        "nodeId": "NH01_chain_62",
        "roadCode": "NH01",
        "startPlace": "Kohalpur-wp41",
        "endPlace": "Kohalpur-wp41",
        "bearingDeg": 261,
        "marker-color": "#FF0000",
        "marker-size": "small"
      }
    },
    {
      "type": "Feature",
      "geometry": {
        "type": "Point",
        "coordinates": [
          81.7226615,
          28.5313815
        ]
      },
      "properties": {
        "type": "chain-node",
        "nodeId": "NH01_chain_63",
        "roadCode": "NH01",
        "startPlace": "Surkhet (Birendranagar)-wp42",
        "endPlace": "Surkhet (Birendranagar)-wp42",
        "bearingDeg": 345,
        "marker-color": "#FF0000",
        "marker-size": "small"
      }
    },
    {
      "type": "Feature",
      "geometry": {
        "type": "Point",
        "coordinates": [
          81.66876099999999,
          28.573520000000002
        ]
      },
      "properties": {
        "type": "chain-node",
        "nodeId": "NH01_chain_64",
        "roadCode": "NH01",
        "startPlace": "Surkhet (Birendranagar)-wp42",
        "endPlace": "Surkhet (Birendranagar)",
        "bearingDeg": 299,
        "marker-color": "#FF0000",
        "marker-size": "small"
      }
    },
    {
      "type": "Feature",
      "geometry": {
        "type": "Point",
        "coordinates": [
          81.64377350000001,
          28.512663
        ]
      },
      "properties": {
        "type": "chain-node",
        "nodeId": "NH01_chain_65",
        "roadCode": "NH01",
        "startPlace": "Surkhet (Birendranagar)-wp42",
        "endPlace": "Surkhet (Birendranagar)-wp42",
        "bearingDeg": 131,
        "marker-color": "#FF0000",
        "marker-size": "small"
      }
    },
    {
      "type": "Feature",
      "geometry": {
        "type": "Point",
        "coordinates": [
          81.637279,
          28.5780155
        ]
      },
      "properties": {
        "type": "chain-node",
        "nodeId": "NH01_chain_66",
        "roadCode": "NH01",
        "startPlace": "Surkhet (Birendranagar)",
        "endPlace": "Surkhet (Birendranagar)",
        "bearingDeg": 307,
        "marker-color": "#FF0000",
        "marker-size": "small"
      }
    },
    {
      "type": "Feature",
      "geometry": {
        "type": "Point",
        "coordinates": [
          82.258169,
          28.1308365
        ]
      },
      "properties": {
        "type": "chain-node",
        "nodeId": "NH01_chain_67",
        "roadCode": "NH01",
        "startPlace": "Lamahi",
        "endPlace": "Lamahi",
        "bearingDeg": 284,
        "marker-color": "#FF0000",
        "marker-size": "small"
      }
    },
    {
      "type": "Feature",
      "geometry": {
        "type": "Point",
        "coordinates": [
          82.21905,
          28.156698
        ]
      },
      "properties": {
        "type": "chain-node",
        "nodeId": "NH01_chain_68",
        "roadCode": "NH01",
        "startPlace": "Lamahi",
        "endPlace": "Lamahi",
        "bearingDeg": 301,
        "marker-color": "#FF0000",
        "marker-size": "small"
      }
    },
    {
      "type": "Feature",
      "geometry": {
        "type": "Point",
        "coordinates": [
          82.19253499999999,
          28.172258499999998
        ]
      },
      "properties": {
        "type": "chain-node",
        "nodeId": "NH01_chain_69",
        "roadCode": "NH01",
        "startPlace": "Lamahi-wp43",
        "endPlace": "Lamahi-wp43",
        "bearingDeg": 305,
        "marker-color": "#FF0000",
        "marker-size": "small"
      }
    },
    {
      "type": "Feature",
      "geometry": {
        "type": "Point",
        "coordinates": [
          82.7768365,
          27.845748
        ]
      },
      "properties": {
        "type": "chain-node",
        "nodeId": "NH01_chain_70",
        "roadCode": "NH01",
        "startPlace": "Dang (Ghorahi)-wp44",
        "endPlace": "Dang (Ghorahi)-wp44",
        "bearingDeg": 239,
        "marker-color": "#FF0000",
        "marker-size": "small"
      }
    },
    {
      "type": "Feature",
      "geometry": {
        "type": "Point",
        "coordinates": [
          82.4855185,
          28.0498555
        ]
      },
      "properties": {
        "type": "chain-node",
        "nodeId": "NH01_chain_71",
        "roadCode": "NH01",
        "startPlace": "Dang (Ghorahi)",
        "endPlace": "Dang (Ghorahi)",
        "bearingDeg": 315,
        "marker-color": "#FF0000",
        "marker-size": "small"
      }
    },
    {
      "type": "Feature",
      "geometry": {
        "type": "Point",
        "coordinates": [
          82.328836,
          27.924619
        ]
      },
      "properties": {
        "type": "chain-node",
        "nodeId": "NH01_chain_72",
        "roadCode": "NH01",
        "startPlace": "Dang (Ghorahi)-wp44",
        "endPlace": "Dang (Ghorahi)-wp44",
        "bearingDeg": 330,
        "marker-color": "#FF0000",
        "marker-size": "small"
      }
    },
    {
      "type": "Feature",
      "geometry": {
        "type": "Point",
        "coordinates": [
          82.364694,
          28.091914000000003
        ]
      },
      "properties": {
        "type": "chain-node",
        "nodeId": "NH01_chain_73",
        "roadCode": "NH01",
        "startPlace": "Tulsipur-wp45",
        "endPlace": "Tulsipur-wp45",
        "bearingDeg": 135,
        "marker-color": "#FF0000",
        "marker-size": "small"
      }
    },
    {
      "type": "Feature",
      "geometry": {
        "type": "Point",
        "coordinates": [
          82.3348465,
          28.116239
        ]
      },
      "properties": {
        "type": "chain-node",
        "nodeId": "NH01_chain_74",
        "roadCode": "NH01",
        "startPlace": "Tulsipur-wp45",
        "endPlace": "Tulsipur",
        "bearingDeg": 304,
        "marker-color": "#FF0000",
        "marker-size": "small"
      }
    },
    {
      "type": "Feature",
      "geometry": {
        "type": "Point",
        "coordinates": [
          82.3170825,
          28.106167
        ]
      },
      "properties": {
        "type": "chain-node",
        "nodeId": "NH01_chain_75",
        "roadCode": "NH01",
        "startPlace": "Tulsipur",
        "endPlace": "Tulsipur",
        "bearingDeg": 323,
        "marker-color": "#FF0000",
        "marker-size": "small"
      }
    },
    {
      "type": "Feature",
      "geometry": {
        "type": "Point",
        "coordinates": [
          82.289803,
          28.1278255
        ]
      },
      "properties": {
        "type": "chain-node",
        "nodeId": "NH01_chain_76",
        "roadCode": "NH01",
        "startPlace": "Tulsipur",
        "endPlace": "Tulsipur",
        "bearingDeg": 225,
        "marker-color": "#FF0000",
        "marker-size": "small"
      }
    },
    {
      "type": "Feature",
      "geometry": {
        "type": "Point",
        "coordinates": [
          82.178095,
          28.367523499999997
        ]
      },
      "properties": {
        "type": "chain-node",
        "nodeId": "NH01_chain_77",
        "roadCode": "NH01",
        "startPlace": "Salyan (Khalanga)",
        "endPlace": "Salyan (Khalanga)",
        "bearingDeg": 260,
        "marker-color": "#FF0000",
        "marker-size": "small"
      }
    },
    {
      "type": "Feature",
      "geometry": {
        "type": "Point",
        "coordinates": [
          82.0558625,
          28.277472000000003
        ]
      },
      "properties": {
        "type": "chain-node",
        "nodeId": "NH01_chain_78",
        "roadCode": "NH01",
        "startPlace": "Salyan (Khalanga)-wp46",
        "endPlace": "Salyan (Khalanga)-wp46",
        "bearingDeg": 324,
        "marker-color": "#FF0000",
        "marker-size": "small"
      }
    },
    {
      "type": "Feature",
      "geometry": {
        "type": "Point",
        "coordinates": [
          82.01155700000001,
          28.314535
        ]
      },
      "properties": {
        "type": "chain-node",
        "nodeId": "NH01_chain_79",
        "roadCode": "NH01",
        "startPlace": "Salyan (Khalanga)-wp46",
        "endPlace": "Salyan (Khalanga)-wp46",
        "bearingDeg": 104,
        "marker-color": "#FF0000",
        "marker-size": "small"
      }
    },
    {
      "type": "Feature",
      "geometry": {
        "type": "Point",
        "coordinates": [
          81.994085,
          28.3239595
        ]
      },
      "properties": {
        "type": "chain-node",
        "nodeId": "NH01_chain_80",
        "roadCode": "NH01",
        "startPlace": "Salyan (Khalanga)-wp46",
        "endPlace": "Salyan (Khalanga)-wp46",
        "bearingDeg": 130,
        "marker-color": "#FF0000",
        "marker-size": "small"
      }
    },
    {
      "type": "Feature",
      "geometry": {
        "type": "Point",
        "coordinates": [
          82.30276,
          28.461188
        ]
      },
      "properties": {
        "type": "chain-node",
        "nodeId": "NH01_chain_81",
        "roadCode": "NH01",
        "startPlace": "Rukum (Chaurjahari)-wp47",
        "endPlace": "Rukum (Chaurjahari)-wp47",
        "bearingDeg": 192,
        "marker-color": "#FF0000",
        "marker-size": "small"
      }
    },
    {
      "type": "Feature",
      "geometry": {
        "type": "Point",
        "coordinates": [
          81.5574775,
          28.809203500000002
        ]
      },
      "properties": {
        "type": "chain-node",
        "nodeId": "NH01_chain_82",
        "roadCode": "NH01",
        "startPlace": "Dailekh-wp48",
        "endPlace": "Dailekh-wp48",
        "bearingDeg": 335,
        "marker-color": "#FF0000",
        "marker-size": "small"
      }
    },
    {
      "type": "Feature",
      "geometry": {
        "type": "Point",
        "coordinates": [
          81.400466,
          28.7834195
        ]
      },
      "properties": {
        "type": "chain-node",
        "nodeId": "NH01_chain_83",
        "roadCode": "NH01",
        "startPlace": "Dailekh-wp48",
        "endPlace": "Dailekh-wp48",
        "bearingDeg": 273,
        "marker-color": "#FF0000",
        "marker-size": "small"
      }
    },
    {
      "type": "Feature",
      "geometry": {
        "type": "Point",
        "coordinates": [
          80.45296,
          28.6527985
        ]
      },
      "properties": {
        "type": "chain-node",
        "nodeId": "NH01_chain_84",
        "roadCode": "NH01",
        "startPlace": "Dhangadhi-wp50",
        "endPlace": "Dhangadhi-wp50",
        "bearingDeg": 316,
        "marker-color": "#FF0000",
        "marker-size": "small"
      }
    },
    {
      "type": "Feature",
      "geometry": {
        "type": "Point",
        "coordinates": [
          80.2135,
          28.9205405
        ]
      },
      "properties": {
        "type": "chain-node",
        "nodeId": "NH01_chain_85",
        "roadCode": "NH01",
        "startPlace": "Bhimdatta (Mahendranagar)",
        "endPlace": "Bhimdatta (Mahendranagar)-wp52",
        "bearingDeg": 135,
        "marker-color": "#FF0000",
        "marker-size": "small"
      }
    },
    {
      "type": "Feature",
      "geometry": {
        "type": "LineString",
        "coordinates": [
          [
            85.028491,
            27.412959999999998
          ],
          [
            85.0296235,
            27.4153055
          ]
        ]
      },
      "properties": {
        "edgeType": "cross-road",
        "roadCode": "NH01→NH02",
        "fromNode": "NH01_chain_32",
        "toNode": "NH02_chain_5",
        "distanceKm": 0,
        "weight": 0.1,
        "stroke": "#AAAAAA",
        "stroke-width": 2,
        "stroke-dasharray": "5,5"
      }
    },
    {
      "type": "Feature",
      "geometry": {
        "type": "LineString",
        "coordinates": [
          [
            85.02305050000001,
            27.40783
          ],
          [
            85.0296235,
            27.4153055
          ]
        ]
      },
      "properties": {
        "edgeType": "cross-road",
        "roadCode": "NH01→NH02",
        "fromNode": "NH01_chain_36",
        "toNode": "NH02_chain_5",
        "distanceKm": 0,
        "weight": 0.1,
        "stroke": "#AAAAAA",
        "stroke-width": 2,
        "stroke-dasharray": "5,5"
      }
    },
    {
      "type": "Feature",
      "geometry": {
        "type": "LineString",
        "coordinates": [
          [
            85.02305050000001,
            27.40783
          ],
          [
            85.016271,
            27.377319
          ]
        ]
      },
      "properties": {
        "edgeType": "intra-road",
        "roadCode": "NH01",
        "fromNode": "NH01_chain_36",
        "toNode": "NH01_chain_37",
        "distanceKm": 3.47,
        "weight": 3.53,
        "stroke": "#FF0000",
        "stroke-width": 3,
        "stroke-dasharray": "none"
      }
    },
    {
      "type": "Feature",
      "geometry": {
        "type": "LineString",
        "coordinates": [
          [
            85.016271,
            27.377319
          ],
          [
            85.0158,
            27.431681
          ]
        ]
      },
      "properties": {
        "edgeType": "intra-road",
        "roadCode": "NH01",
        "fromNode": "NH01_chain_37",
        "toNode": "NH01_chain_38",
        "distanceKm": 6.01,
        "weight": 13.17,
        "stroke": "#FF0000",
        "stroke-width": 3,
        "stroke-dasharray": "none"
      }
    },
    {
      "type": "Feature",
      "geometry": {
        "type": "LineString",
        "coordinates": [
          [
            85.0158,
            27.431681
          ],
          [
            84.994716,
            27.3359245
          ]
        ]
      },
      "properties": {
        "edgeType": "intra-road",
        "roadCode": "NH01",
        "fromNode": "NH01_chain_38",
        "toNode": "NH01_chain_39",
        "distanceKm": 11.22,
        "weight": 24.27,
        "stroke": "#FF0000",
        "stroke-width": 3,
        "stroke-dasharray": "none"
      }
    },
    {
      "type": "Feature",
      "geometry": {
        "type": "Point",
        "coordinates": [
          85.028491,
          27.412959999999998
        ]
      },
      "properties": {
        "type": "chain-node",
        "nodeId": "NH01_chain_32",
        "roadCode": "NH01",
        "startPlace": "Hetauda",
        "endPlace": "Hetauda",
        "bearingDeg": 197,
        "marker-color": "#FF0000",
        "marker-size": "small"
      }
    },
    {
      "type": "Feature",
      "geometry": {
        "type": "Point",
        "coordinates": [
          85.0296235,
          27.4153055
        ]
      },
      "properties": {
        "type": "chain-node",
        "nodeId": "NH02_chain_5",
        "roadCode": "NH02",
        "startPlace": "NH02-wp108",
        "endPlace": "NH02-wp112",
        "bearingDeg": 215,
        "marker-color": "#FF6600",
        "marker-size": "small"
      }
    },
    {
      "type": "Feature",
      "geometry": {
        "type": "Point",
        "coordinates": [
          85.02305050000001,
          27.40783
        ]
      },
      "properties": {
        "type": "chain-node",
        "nodeId": "NH01_chain_36",
        "roadCode": "NH01",
        "startPlace": "Hetauda",
        "endPlace": "Hetauda",
        "bearingDeg": 74,
        "marker-color": "#FF0000",
        "marker-size": "small"
      }
    },
    {
      "type": "Feature",
      "geometry": {
        "type": "Point",
        "coordinates": [
          85.016271,
          27.377319
        ]
      },
      "properties": {
        "type": "chain-node",
        "nodeId": "NH01_chain_37",
        "roadCode": "NH01",
        "startPlace": "Hetauda-wp23",
        "endPlace": "Hetauda-wp23",
        "bearingDeg": 260,
        "marker-color": "#FF0000",
        "marker-size": "small"
      }
    },
    {
      "type": "Feature",
      "geometry": {
        "type": "Point",
        "coordinates": [
          85.0158,
          27.431681
        ]
      },
      "properties": {
        "type": "chain-node",
        "nodeId": "NH01_chain_38",
        "roadCode": "NH01",
        "startPlace": "Hetauda",
        "endPlace": "Hetauda",
        "bearingDeg": 271,
        "marker-color": "#FF0000",
        "marker-size": "small"
      }
    },
    {
      "type": "Feature",
      "geometry": {
        "type": "Point",
        "coordinates": [
          84.994716,
          27.3359245
        ]
      },
      "properties": {
        "type": "chain-node",
        "nodeId": "NH01_chain_39",
        "roadCode": "NH01",
        "startPlace": "Hetauda-wp23",
        "endPlace": "Hetauda-wp23",
        "bearingDeg": 160,
        "marker-color": "#FF0000",
        "marker-size": "small"
      }
    },
    {
      "type": "Feature",
      "geometry": {
        "type": "Point",
        "coordinates": [
          85.033881,
          27.424329
        ]
      },
      "properties": {
        "type": "junction",
        "junctionId": "J_27.42433_85.03388_NH01_NH02",
        "roads": "NH01, NH02",
        "detectionMethod": "shared-node",
        "marker-color": "#FFD700",
        "marker-size": "medium",
        "marker-symbol": "star"
      }
    },
    {
      "type": "Feature",
      "geometry": {
        "type": "Point",
        "coordinates": [
          85.031916,
          27.421174
        ]
      },
      "properties": {
        "type": "junction",
        "junctionId": "J_27.42117_85.03192_NH01_NH02",
        "roads": "NH01, NH02",
        "detectionMethod": "shared-node",
        "marker-color": "#FFD700",
        "marker-size": "medium",
        "marker-symbol": "star"
      }
    },
    {
      "type": "Feature",
      "geometry": {
        "type": "Point",
        "coordinates": [
          85.031466,
          27.415266
        ]
      },
      "properties": {
        "type": "junction",
        "junctionId": "J_27.41527_85.03147_NH01_NH02",
        "roads": "NH01, NH02",
        "detectionMethod": "shared-node",
        "marker-color": "#FFD700",
        "marker-size": "medium",
        "marker-symbol": "star"
      }
    },
    {
      "type": "Feature",
      "geometry": {
        "type": "Point",
        "coordinates": [
          85.029669,
          27.419133
        ]
      },
      "properties": {
        "type": "junction",
        "junctionId": "J_27.41913_85.02967_NH01_NH02",
        "roads": "NH01, NH02",
        "detectionMethod": "shared-node",
        "marker-color": "#FFD700",
        "marker-size": "medium",
        "marker-symbol": "star"
      }
    },
    {
      "type": "Feature",
      "geometry": {
        "type": "Point",
        "coordinates": [
          85.028875,
          27.430115
        ]
      },
      "properties": {
        "type": "junction",
        "junctionId": "J_27.43012_85.02887_NH01_NH02",
        "roads": "NH01, NH02",
        "detectionMethod": "shared-node",
        "marker-color": "#FFD700",
        "marker-size": "medium",
        "marker-symbol": "star"
      }
    },
    {
      "type": "Feature",
      "geometry": {
        "type": "Point",
        "coordinates": [
          85.027461,
          27.427854
        ]
      },
      "properties": {
        "type": "junction",
        "junctionId": "J_27.42785_85.02746_NH01_NH02",
        "roads": "NH01, NH02",
        "detectionMethod": "shared-node",
        "marker-color": "#FFD700",
        "marker-size": "medium",
        "marker-symbol": "star"
      }
    },
    {
      "type": "Feature",
      "geometry": {
        "type": "Point",
        "coordinates": [
          85.026642,
          27.412777
        ]
      },
      "properties": {
        "type": "junction",
        "junctionId": "J_27.41278_85.02664_NH01_NH02",
        "roads": "NH01, NH02",
        "detectionMethod": "shared-node",
        "marker-color": "#FFD700",
        "marker-size": "medium",
        "marker-symbol": "star"
      }
    },
    {
      "type": "Feature",
      "geometry": {
        "type": "Point",
        "coordinates": [
          85.02659,
          27.40177
        ]
      },
      "properties": {
        "type": "junction",
        "junctionId": "J_27.40177_85.02659_NH01_NH02",
        "roads": "NH01, NH02",
        "detectionMethod": "shared-node",
        "marker-color": "#FFD700",
        "marker-size": "medium",
        "marker-symbol": "star"
      }
    },
    {
      "type": "Feature",
      "geometry": {
        "type": "Point",
        "coordinates": [
          85.022639,
          27.407757
        ]
      },
      "properties": {
        "type": "junction",
        "junctionId": "J_27.40776_85.02264_NH01_NH02",
        "roads": "NH01, NH02",
        "detectionMethod": "shared-node",
        "marker-color": "#FFD700",
        "marker-size": "medium",
        "marker-symbol": "star"
      }
    }
  ]
}